Alignment Data,,,
x,y,z,zd
6.000891353,0.001041294,2.494169728,-2.92288E-05
5.986805419,0.001030821,2.479267917,-5.75505E-05
5.977731046,0.001025489,2.469741893,-5.94273E-05
5.970827467,0.001026944,2.462504523,-8.08712E-05
5.960622687,0.001040911,2.451934733,-3.08604E-05
5.949300354,0.001040958,2.44021198,-3.51988E-05
5.939057712,0.001052142,2.429679958,-2.38375E-05
5.928381888,0.001045694,2.418726571,-4.53559E-05
5.917907407,0.001044175,2.408052345,-5.00988E-05
5.910786564,0.00103342,2.400843027,-3.74224E-05
5.900157678,0.001033294,2.390125717,-2.16199E-05
5.889832527,0.001028822,2.379748774,-2.51657E-05
5.879165934,0.001019151,2.369087458,-2.41886E-05
5.868849096,0.001019309,2.358816499,-3.41542E-05
5.858459251,0.001022443,2.348526206,-4.15548E-05
5.847746784,0.00103216,2.337970629,-4.75537E-05
5.840670635,0.001038271,2.33104882,-2.97804E-05
5.830253996,0.001045571,2.320881943,-0.00002252
5.819613809,0.001046544,2.310551275,-1.11269E-05
5.809189718,0.001043446,2.300470598,-8.5917E-06
5.798658732,0.00104043,2.290314224,-0.000026804
5.788158796,0.001034162,2.280261096,-0.000019558
5.781015266,0.001044169,2.273439285,-0.000023934
5.770524215,0.001045083,2.263464159,-2.61805E-05
5.759978627,0.001057587,2.253499134,-0.000013071
5.749524326,0.001053047,2.243651387,-0.000014612
5.738997288,0.001055462,2.233779051,-1.75325E-05
5.728649518,0.00102634,2.2241035,-0.000035516
5.718036163,0.001031112,2.214236962,-4.11968E-05
5.710901771,0.0010379,2.207632133,-4.25782E-05
5.700434391,0.001033735,2.197977726,-4.47553E-05
5.689952542,0.001039844,2.188363244,-3.63331E-05
5.679279219,0.001039896,2.178603986,-4.02812E-05
5.668937436,0.00104298,2.169190206,-4.30637E-05
5.658360712,0.001027723,2.159613294,-3.67469E-05
5.647946676,0.001032775,2.150239106,-1.57373E-05
5.640854258,0.001020466,2.143856081,-2.30647E-05
5.630342229,0.001017754,2.134462143,-9.927E-07
5.619776353,0.001035019,2.125009473,-2.96247E-05
5.609186001,0.00103084,2.115595179,-3.80611E-05
5.59877155,0.001047589,2.106386157,-3.61108E-05
5.588343941,0.001042355,2.09719334,-4.43194E-05
5.577729922,0.001053584,2.087907042,-2.04759E-05
5.570796777,0.001052499,2.081840923,-2.60124E-05
5.560121738,0.001032243,2.072522442,-4.48882E-05
5.549592615,0.001034075,2.063391109,-0.000041332
5.539142486,0.001037987,2.054370242,-3.23937E-05
5.528620777,0.001050941,2.045313155,-0.000034248
5.51816419,0.00105315,2.036356874,-2.71961E-05
5.507790304,0.001066634,2.02750113,-2.54784E-05
5.500733709,0.001052796,2.021489243,-3.20206E-05
5.490197496,0.001037463,2.012570587,-1.35843E-05
5.479755224,0.001032827,2.003723386,-3.79458E-05
5.469169121,0.001018305,1.994805113,-4.66513E-05
5.458544435,0.001027273,1.9858811,-6.35263E-05
5.448138994,0.001026182,1.977198391,-0.000056475
5.437614142,0.001047076,1.968465859,-3.30215E-05
5.430637596,0.001044237,1.962678138,-0.000035128
5.420095883,0.001039361,1.95396514,-3.35695E-05
5.409596298,0.001045068,1.945321075,-3.07059E-05
5.399042676,0.001028676,1.936675937,-1.71047E-05
5.388442393,0.001028048,1.928006826,-2.19088E-05
5.37786689,0.001017449,1.919385979,-3.10901E-05
5.367388653,0.001027434,1.91091584,-4.051E-07
5.360395633,0.001031542,1.905252764,-7.5458E-06
5.349965829,0.001030551,1.896849364,-1.0198E-06
5.339391996,0.001043051,1.888312553,-4.29206E-05
5.328920761,0.001035915,1.879936567,-3.70755E-05
5.318328025,0.001043117,1.871495806,-0.000029539
5.307848816,0.001028716,1.863166432,-3.13855E-05
5.300888765,0.001033974,1.857664411,-1.89548E-05
5.29040324,0.001033556,1.849375348,-2.50239E-05
5.279876115,0.001032906,1.841089038,-2.51371E-05
5.269259327,0.001046785,1.832757927,-2.93427E-05
5.258682115,0.001035663,1.824501806,-1.91952E-05
5.248169282,0.001041731,1.81630326,-3.08443E-05
5.237780369,0.001036354,1.808264302,-7.6555E-06
5.230819903,0.001046087,1.802861535,-2.44757E-05
5.220195673,0.001046436,1.794672514,-1.65525E-05
5.209741106,0.001040518,1.786633276,-1.78669E-05
5.199103876,0.001059525,1.778485881,-1.53307E-05
5.188584304,0.001058436,1.77044419,-2.52351E-05
5.178187142,0.001068698,1.762530916,-2.73599E-05
5.167635755,0.001063396,1.754538223,-1.89832E-05
5.160579246,0.001062309,1.749179188,-4.24272E-05
5.150123306,0.00105955,1.741294947,-4.31429E-05
5.139522762,0.001051695,1.73334755,-0.000025198
5.129033381,0.00105504,1.725471133,-4.65981E-05
5.118609228,0.00105324,1.717711806,-0.00002599
5.107919656,0.001058404,1.70977498,-1.17753E-05
5.100841043,0.001073191,1.704501505,-0.000035046
5.090445079,0.001066867,1.696805903,-4.14398E-05
5.079990667,0.001066763,1.68911247,-2.80728E-05
5.069607932,0.0010643,1.681471469,-4.04014E-05
5.059110459,0.001047466,1.673799527,-2.48349E-05
5.048445427,0.001045514,1.665995831,-4.43906E-05
5.037834961,0.001040813,1.658297634,-2.41938E-05
5.027292267,0.001053803,1.65065635,-2.18476E-05
5.020312917,0.001055093,1.645627512,-0.000004429
5.010013563,0.001060808,1.638193027,-0.000012318
4.999388325,0.001075304,1.630559873,-8.8945E-06
4.988807178,0.001065496,1.622974589,-0.000014382
4.978321933,0.001048072,1.615508673,6.2318E-06
4.967686247,0.001031077,1.607949551,1.62038E-05
4.960613887,0.001026688,1.602919427,5.4731E-06
4.950235872,0.001028342,1.595568611,2.915E-07
4.939656842,0.001033866,1.588095035,-9.5543E-06
4.929131986,0.001042323,1.580674119,-2.90652E-05
4.918680699,0.001045327,1.573352369,-2.48176E-05
4.908204961,0.00106224,1.566022089,-3.55137E-05
4.897621399,0.001053231,1.558658512,-2.79911E-05
4.890605166,0.001029401,1.553785673,-2.73985E-05
4.880076359,0.001027266,1.546475302,-4.41065E-05
4.869634798,0.001016394,1.539280936,-2.83538E-05
4.859063812,0.001024844,1.531983093,-5.00407E-05
4.848524784,0.001023786,1.524759844,-4.23877E-05
4.838132809,0.001035663,1.517672652,-2.22076E-05
4.827566552,0.001040979,1.510446404,-4.48261E-05
4.820464652,0.001030899,1.50562284,-0.000039557
4.80990424,0.001039612,1.498469916,-3.12556E-05
4.799450773,0.001030665,1.491375639,-0.00005931
4.788989857,0.001035391,1.484347843,-3.81492E-05
4.778421927,0.001028414,1.477278175,-9.2998E-06
4.768062515,0.001032903,1.470344568,-6.3598E-06
4.757474734,0.001033304,1.463276111,-7.6748E-06
4.750522295,0.001025416,1.458640926,-1.44639E-05
4.739873477,0.00103057,1.451558378,-2.65793E-05
4.729413011,0.001016436,1.444647499,-0.00001406
4.718773863,0.001013047,1.437645729,3.5773E-06
4.708317036,0.000997637,1.430757537,-7.2779E-06
4.697822042,0.001006722,1.423859925,-2.40799E-05
4.687183136,0.000998656,1.416906572,-2.42966E-05
4.680190806,0.001011006,1.412357895,-1.51232E-05
4.669704477,0.001018309,1.405538631,-1.68565E-05
4.659247553,0.001008418,1.398753752,-2.45604E-05
4.648817831,0.001020932,1.392001828,-3.79906E-05
4.638235272,0.001011082,1.385175584,-4.84006E-05
4.627951908,0.001007786,1.378575632,-4.58027E-05
4.6172606,0.000987815,1.371733324,-4.50689E-05
4.610188619,0.000992553,1.367214834,-4.90635E-05
4.599652823,0.001001626,1.36051067,-4.51787E-05
4.589092612,0.000996096,1.353812729,-4.06209E-05
4.578708581,0.001001799,1.347263936,-1.92594E-05
4.568368248,0.000992434,1.340731335,-2.95062E-05
4.557765508,0.001005292,1.334048665,-4.51224E-05
4.54722571,0.000983452,1.327467548,-1.95785E-05
4.540100429,0.000973158,1.323016093,-1.64183E-05
4.529517247,0.000971987,1.31641038,-2.31005E-05
4.518955125,0.000972011,1.309863459,-4.8053E-06
4.508499521,0.000993126,1.303379357,-1.01912E-05
4.498099747,0.000997123,1.296938599,-2.67832E-05
4.487684831,0.001010585,1.290516811,-3.49419E-05
4.480646951,0.001013302,1.286196128,-3.28521E-05
4.470054318,0.000995708,1.279678353,-6.15065E-05
4.459408876,0.000993951,1.273191789,-4.71742E-05
4.448878414,0.0009823,1.266794808,-3.37022E-05
4.438333078,0.000990119,1.260397639,-0.000031469
4.427881783,0.000991135,1.254082095,-2.44675E-05
4.417579582,0.000995389,1.247872204,-2.12336E-05
4.41055311,0.001002312,1.2436522,-1.45846E-05
4.39992611,0.001003988,1.237278257,-1.28208E-05
4.389419341,0.001002066,1.230976941,-3.03786E-05
4.3787099,0.001002041,1.224611461,-1.11066E-05
4.368306252,0.000997989,1.218410353,-2.92613E-05
4.357818306,0.001000506,1.212192444,-3.35097E-05
4.347471378,0.000999192,1.206076014,-3.88502E-05
4.340481619,0.000996644,1.201962985,-3.42652E-05
4.330042049,0.000996066,1.195818748,-4.46131E-05
4.319375231,0.000997618,1.189570292,-4.53862E-05
4.308747205,0.000996464,1.183363481,-4.70141E-05
4.298172805,0.000978192,1.177208588,-4.75733E-05
4.287803945,0.000984637,1.171200216,-0.000040118
4.277277612,0.000979148,1.165135795,-1.64212E-05
4.270307912,0.00099085,1.161116646,-0.000015055
4.259789038,0.000994516,1.155068416,-1.12839E-05
4.249281253,0.000986011,1.149056073,2.9642E-06
4.238683449,0.000992731,1.142973086,-0.000021022
4.228325029,0.000986846,1.137070957,-1.96143E-05
4.217713359,0.000985373,1.131033864,-2.78636E-05
4.207279722,0.000980994,1.125145876,-6.8815E-06
4.200275682,0.000967428,1.121166488,-3.00047E-05
4.189753495,0.000979315,1.115252817,-1.58366E-05
4.179132714,0.000975056,1.109284838,-1.94598E-05
4.16862444,0.000982459,1.103428843,6.9454E-06
4.158112262,0.000978968,1.097542609,-0.000013341
4.147625896,0.000981269,1.091723432,4.956E-07
4.140516698,0.000995749,1.08777596,-3.0121E-06
4.130048567,0.000980395,1.081950495,-3.64953E-05
4.119370576,0.000984708,1.076071297,-2.64867E-05
4.109007304,0.000963899,1.070372805,-2.75426E-05
4.098416978,0.00097122,1.064578246,-1.83184E-05
4.088043624,0.000960648,1.058906838,-2.29164E-05
4.07744368,0.000973956,1.053135462,-2.21322E-05
4.070492195,0.000979464,1.049357076,-2.52079E-05
4.059981305,0.000977855,1.043668599,-2.04391E-05
4.049526322,0.000980455,1.038027637,-0.000016504
4.039087759,0.000960491,1.032409275,-0.000016771
4.028476615,0.000969585,1.026710648,-2.27556E-05
4.017826492,0.000957506,1.021018201,-2.01893E-05
4.007366877,0.000971499,1.015453385,-9.9133E-06
4.000342531,0.000974029,1.01171271,-0.000016551
3.989968609,0.000975964,1.00620982,-1.95154E-05
3.979389035,0.000991117,1.000613027,-2.53713E-05
3.96899406,0.000990036,0.995161783,-9.148E-07
3.958390226,0.000995452,0.989583691,-1.13125E-05
3.947893451,0.000972816,0.984097379,-4.0323E-06
3.937361324,0.000977455,0.978590869,-1.63075E-05
3.930248937,0.000965881,0.974907294,2.978E-07
3.919618179,0.000960399,0.969388967,-2.5902E-06
3.909214863,0.00098203,0.964017505,5.8342E-06
3.898664853,0.000981875,0.958585554,1.19389E-05
3.888207451,0.000998407,0.953207918,7.0729E-06
3.877617533,0.000995624,0.947789452,1.16926E-05
3.867114699,0.001004002,0.942432601,1.57017E-05
3.860144915,0.000998525,0.938881107,1.20547E-05
3.84961948,0.000981443,0.933531097,5.2304E-06
3.839208946,0.000983945,0.928261049,2.7814E-06
3.828786126,0.000976323,0.923003402,1.7912E-06
3.818174424,0.000986439,0.917676189,8.8867E-06
3.807641844,0.000990951,0.912377719,-1.25805E-05
3.796994136,0.001004581,0.907060554,-1.27854E-05
3.789943726,0.00101046,0.903550943,-1.15459E-05
3.779438195,0.001000826,0.898351401,5.8446E-06
3.769002552,0.000996292,0.893158085,-2.23351E-05
3.758579274,0.000989591,0.888009925,-2.84509E-05
3.748108477,0.000997108,0.882861535,-2.84036E-05
3.737579768,0.000994851,0.877705769,-2.44544E-05
3.726962626,0.001014539,0.872533897,-1.07082E-05
3.719963216,0.001007817,0.86912129,-1.42247E-05
3.709580275,0.001000881,0.864052986,-0.000039446
3.698919015,0.000997463,0.858916308,-1.51983E-05
3.688417354,0.001001576,0.853856967,-8.0196E-06
3.677776377,0.000996032,0.848748107,-4.727E-07
3.667181375,0.000998446,0.843659222,-1.23554E-05
3.660168563,0.00100389,0.84030893,-1.16682E-05
3.649755145,0.001014603,0.835349142,-9.4528E-06
3.639350962,0.001008778,0.830424195,0.00000663
3.628940519,0.001011107,0.825474495,-1.56258E-05
3.618474289,0.000999991,0.820536189,-1.67474E-05
3.607982138,0.000997218,0.815608779,-1.14927E-05
3.597355114,0.00100345,0.810645678,4.4147E-06
3.590407519,0.000995521,0.807397797,2.3762E-06
3.579804488,0.000998969,0.802462629,6.7225E-06
3.569208875,0.001012423,0.797541872,5.0211E-06
3.558699417,0.001018765,0.792673689,-8.647E-07
3.548318728,0.001014826,0.787870866,-1.73262E-05
3.537738416,0.001019313,0.78301555,-1.09463E-05
3.527204582,0.001020166,0.778194074,-8.8097E-06
3.520152484,0.001015868,0.77496656,-1.63664E-05
3.509561936,0.001007913,0.770151461,-9.8816E-06
3.498910501,0.000998142,0.765326243,-2.7389E-06
3.488506365,0.001005943,0.760622048,-3.1502E-06
3.478202679,0.001020115,0.755974562,-8.1979E-06
3.467724908,0.001026022,0.751275315,-2.7991E-06
3.457246441,0.00102907,0.746587582,-0.000001918
3.450233636,0.001032841,0.743453866,-6.8559E-06
3.439616744,0.001017423,0.73873508,-0.000002783
3.429059967,0.001015216,0.734057975,-3.411E-07
3.41850149,0.001005244,0.729388908,-5.6085E-06
3.408043657,0.001019954,0.724790415,-1.0027E-06
3.397484795,0.001021647,0.720148662,-1.15612E-05
3.387075759,0.001027197,0.715615568,4.7418E-06
3.380007516,0.001044835,0.712525396,-5.2598E-06
3.369435945,0.001040383,0.70792838,-9.1406E-06
3.358914329,0.001040062,0.70337061,-1.17673E-05
3.348294233,0.001025564,0.698781748,-0.000019305
3.337781273,0.001026555,0.694270954,-1.12519E-05
3.327376952,0.001023061,0.689802768,-2.31891E-05
3.316956869,0.001030538,0.685359653,-1.91406E-05
3.310073226,0.001037619,0.682443312,-6.3085E-06
3.299517074,0.001035129,0.677973509,2.4137E-06
3.289032086,0.001045001,0.673531985,-6.8165E-06
3.27831514,0.001040118,0.669035533,1.05882E-05
3.267688056,0.001058607,0.664574816,9.4322E-06
3.257375265,0.001041427,0.660276796,2.34548E-05
3.250311857,0.001031897,0.657337751,2.89274E-05
3.239768919,0.001040221,0.65293838,1.11768E-05
3.229425954,0.001034786,0.648650952,6.6804E-06
3.218807489,0.001049599,0.644274375,1.10836E-05
3.208296465,0.00104602,0.639949638,7.0247E-06
3.197782776,0.001049008,0.63563456,-2.1583E-06
3.187314329,0.001031054,0.631360467,-4.6406E-06
3.180280285,0.001051692,0.62850564,1.9223E-06
3.169678395,0.001049387,0.624194701,-9.6333E-06
3.159121555,0.001034175,0.619941588,2.4011E-06
3.148579356,0.001052999,0.615688403,-7.4357E-06
3.138033024,0.001047406,0.611454029,-1.26502E-05
3.127628366,0.001061665,0.607321323,1.14652E-05
3.117215169,0.001047258,0.603172088,7.0509E-06
3.110204656,0.001052979,0.600404567,2.12838E-05
3.099666052,0.001063453,0.59623695,2.22354E-05
3.089124668,0.001053103,0.59208382,2.30279E-05
3.07865808,0.001052989,0.587979902,2.79937E-05
3.068079337,0.001044531,0.583845434,3.06994E-05
3.057427189,0.001041251,0.579694899,3.00787E-05
3.047008276,0.001043104,0.575631355,0.000010102
3.039988724,0.001038699,0.572921399,1.58034E-05
3.029677951,0.001038307,0.568952145,2.29092E-05
3.019179336,0.001034248,0.564911513,1.57221E-05
3.00867999,0.001035982,0.560907847,3.03052E-05
2.998004122,0.001028525,0.556828091,2.05053E-05
2.987371526,0.001031923,0.552790016,2.00209E-05
2.976904322,0.001032342,0.548809883,-7.744E-07
2.969959606,0.00104439,0.546186347,-5.8448E-06
2.959466752,0.001047086,0.54225844,9.7494E-06
2.948967948,0.001054649,0.538337295,1.89741E-05
2.938389403,0.001050082,0.534396762,2.31354E-05
2.927801934,0.001034967,0.530467047,2.58539E-05
2.917433096,0.001032868,0.526621309,1.62441E-05
2.906817964,0.001025171,0.522686773,-6.5029E-06
2.899778364,0.00103177,0.520101217,-6.5096E-06
2.889408562,0.001032874,0.516314737,3.1937E-06
2.878848603,0.001032048,0.512477583,1.65414E-05
2.868344198,0.00104629,0.508646536,4.436E-07
2.857842576,0.001047317,0.5048467,-6.826E-07
2.847195111,0.001051205,0.501014228,2.7799E-06
2.840132602,0.001044974,0.498485655,9.9819E-06
2.829726099,0.001028187,0.494759486,7.7281E-06
2.819154436,0.001026855,0.49100095,1.69584E-05
2.808789273,0.00102772,0.487335661,3.09298E-05
2.79825126,0.001042689,0.483621165,4.19342E-05
2.787815821,0.001044172,0.479945259,4.02656E-05
2.777288239,0.00105126,0.476235829,2.24049E-05
2.766742036,0.00104069,0.472545405,1.48802E-05
2.759747602,0.001030552,0.470120093,2.37499E-05
2.749188149,0.00102396,0.466465479,3.13507E-05
2.738667871,0.001014585,0.462831147,3.05207E-05
2.728203071,0.001024332,0.459224127,2.28761E-05
2.717574811,0.001019941,0.455586555,2.56453E-05
2.707062956,0.001037684,0.452009784,3.42308E-05
2.699989824,0.001045586,0.449599818,2.83004E-05
2.689582399,0.001045631,0.446084388,3.78297E-05
2.679206228,0.001044401,0.442581592,3.47825E-05
2.668723078,0.001038729,0.439046277,2.04843E-05
2.658220536,0.001034215,0.43553916,2.59813E-05
2.647692804,0.001042024,0.432044986,3.78741E-05
2.637039162,0.001039174,0.428499636,2.52822E-05
2.630031942,0.001038803,0.426178752,0.000019647
2.619422885,0.001053258,0.422682076,1.56945E-05
2.60903953,0.001057005,0.419280652,1.80044E-05
2.598484832,0.001059441,0.415834077,0.000016457
2.587962394,0.00104793,0.412415934,1.78985E-05
2.577480407,0.001044645,0.409027612,0.000021224
2.566881551,0.001041091,0.405618358,2.64361E-05
2.559778944,0.001029322,0.403329778,0.00001756
2.549338876,0.001044617,0.399999016,2.54421E-05
2.53886902,0.001045502,0.396657519,1.74593E-05
2.528317184,0.001052452,0.393333059,3.77761E-05
2.51789566,0.001051905,0.390031854,2.54351E-05
2.507398299,0.001055568,0.38674838,4.00958E-05
2.496812695,0.001049692,0.383425087,2.77748E-05
2.489832444,0.001042243,0.381250541,2.83432E-05
2.47920226,0.001040768,0.377974762,5.25637E-05
2.468712393,0.001036278,0.374722354,4.18518E-05
2.458163647,0.001050409,0.3714691,3.37298E-05
2.447843347,0.001060131,0.36830515,3.03258E-05
2.437345638,0.001081446,0.36510644,3.19852E-05
2.42663942,0.001078385,0.361853079,0.000027507
2.419653222,0.001064866,0.359759658,0.000045911
2.409117419,0.001057669,0.356564703,0.000023547
2.398438324,0.001055802,0.353371257,0.000030849
2.388089514,0.001057446,0.350288783,3.57415E-05
2.377608419,0.001054956,0.347181978,4.13456E-05
2.367152359,0.001068461,0.34408325,3.31398E-05
2.35672346,0.001067167,0.341010943,2.89647E-05
2.349746844,0.001071262,0.33897868,0.000041184
2.339184502,0.001080787,0.335891663,3.72388E-05
2.328662378,0.001077522,0.332828673,3.09825E-05
2.318066271,0.001075493,0.329777428,0.000043249
2.307499989,0.001054997,0.326726997,3.30166E-05
2.296823291,0.001055055,0.323666142,2.92364E-05
2.289902732,0.001070737,0.32168812,2.47962E-05
2.279427706,0.001060127,0.318718732,3.06997E-05
2.268991081,0.00106806,0.315763522,2.55735E-05
2.258477071,0.001068345,0.312792133,1.17214E-05
2.248055748,0.001068239,0.309891081,2.78632E-05
2.23738473,0.001056122,0.306921049,3.02102E-05
2.227024526,0.001060187,0.304054187,3.49161E-05
2.219985709,0.001057014,0.302101284,2.49901E-05
2.209398991,0.001046941,0.299191476,2.53415E-05
2.198819924,0.001055489,0.29629635,2.36727E-05
2.188279569,0.001055922,0.293443249,3.89427E-05
2.177779778,0.00106609,0.290586329,2.49727E-05
2.167363246,0.001060029,0.287786883,3.17655E-05
2.15688768,0.001057639,0.28497203,2.48294E-05
2.149961328,0.001058903,0.283116552,1.80916E-05
2.139300861,0.001047666,0.280297186,3.19853E-05
2.128852765,0.001063315,0.277541244,3.85499E-05
2.118216288,0.001067647,0.274733974,2.90584E-05
2.107733227,0.001076728,0.271967726,5.8916E-06
2.097270876,0.001069194,0.26925737,1.90134E-05
2.086907427,0.001071936,0.266549296,-5.2918E-06
2.079765846,0.001055583,0.264713145,-1.041E-07
2.069301641,0.00104287,0.262037868,1.07359E-05
2.05869252,0.001046886,0.25933946,2.12057E-05
2.048214445,0.001037997,0.256676124,1.90308E-05
2.03758392,0.001057428,0.253993907,2.22186E-05
2.02712269,0.001059586,0.25135974,1.64732E-05
2.016604204,0.001070862,0.248732529,1.78569E-05
2.009731905,0.001070958,0.247033198,2.82387E-05
1.999170419,0.001063188,0.244406842,1.75596E-05
1.988683499,0.001063257,0.241828035,2.17712E-05
1.978149947,0.001056719,0.239252592,2.66073E-05
1.967609634,0.00106154,0.236682754,2.44406E-05
1.956933291,0.001049555,0.23410392,3.18837E-05
1.946577611,0.001052286,0.231598974,2.15687E-05
1.939508509,0.001061925,0.229899583,1.71926E-05
1.929039787,0.00106933,0.227412102,2.81222E-05
1.91859324,0.001079322,0.224924934,2.00839E-05
1.908145959,0.001078033,0.222459205,1.96948E-05
1.897487504,0.001070294,0.21995057,1.18498E-05
1.887005105,0.001065913,0.217498945,5.5462E-06
1.879794294,0.001057779,0.21582645,7.0323E-06
1.869489382,0.001050728,0.21344609,7.4239E-06
1.858932459,0.001052412,0.211019465,0.000005721
1.848479578,0.00105529,0.20863475,0.000008026
1.838030986,0.0010759,0.206266956,1.23542E-05
1.827497205,0.001077195,0.20388723,1.00177E-05
1.81701871,0.001084514,0.201542231,1.59147E-05
1.809952006,0.001071622,0.199961712,1.29575E-05
1.799277172,0.001065614,0.197586015,8.2507E-06
1.788840634,0.001060723,0.195279068,5.3645E-06
1.778267913,0.001050694,0.192968572,1.48877E-05
1.767858961,0.001054879,0.19070099,1.75215E-05
1.757343339,0.001056786,0.1884068,2.8535E-06
1.746876243,0.001058305,0.186150967,2.0964E-06
1.739806912,0.001072067,0.184639138,0.000005456
1.729245279,0.00106188,0.182392001,1.02308E-05
1.718639758,0.001048524,0.180145139,1.04244E-05
1.708297026,0.001044901,0.177961427,4.3771E-06
1.697738988,0.0010463,0.175776988,2.89785E-05
1.687156222,0.001044068,0.173571232,2.32945E-05
1.676636083,0.001048171,0.171395026,2.01139E-05
1.669588157,0.00104922,0.169941495,1.45739E-05
1.659029886,0.001056142,0.167782329,1.28618E-05
1.648641336,0.001049307,0.165673721,1.33007E-05
1.638082912,0.001049042,0.163540555,9.7215E-06
1.627664151,0.00104576,0.161460189,0.000016998
1.617076442,0.001045069,0.159348814,1.31079E-05
1.606567586,0.00104793,0.157276336,1.84593E-05
1.59944815,0.0010477,0.155878633,0.000020526
1.5891026,0.001046116,0.153843622,8.2125E-06
1.578535679,0.00105052,0.151806765,2.34391E-05
1.568058311,0.001049901,0.14978308,2.05901E-05
1.557542426,0.001048585,0.147774656,2.65635E-05
1.547035039,0.001044256,0.145764845,1.56526E-05
1.536550602,0.001046764,0.143780876,1.24059E-05
1.52962457,0.001051629,0.14248519,1.76233E-05
1.519022492,0.001053209,0.14050459,0.000016739
1.508566491,0.001050731,0.13856972,2.05092E-05
1.498009578,0.001051073,0.136621608,1.58502E-05
1.487473449,0.001051878,0.134683928,3.8803E-06
1.47693906,0.001042367,0.132774021,5.4753E-06
1.46987951,0.00105202,0.131513035,1.76977E-05
1.45934288,0.001056686,0.12961843,1.18068E-05
1.448822826,0.001051963,0.127753683,0.000018958
1.438205605,0.001058715,0.12585816,-1.4023E-06
1.42787509,0.001058509,0.12405027,1.7207E-06
1.417343833,0.001062283,0.122215854,-2.064E-07
1.406832588,0.001056398,0.120404576,3.7223E-06
1.399669191,0.001061953,0.119183082,1.13903E-05
1.389261679,0.001059118,0.117410934,1.36586E-05
1.378685105,0.001045621,0.115618708,1.08428E-05
1.368175485,0.001047343,0.113857152,1.35614E-05
1.35779413,0.001043037,0.112131555,1.72018E-05
1.347262103,0.001049858,0.110398898,2.51681E-05
1.33669202,0.001046982,0.108655777,1.50838E-05
1.329706187,0.001049287,0.107524287,2.13401E-05
1.319251236,0.001057341,0.105843702,3.21606E-05
1.30878821,0.001058441,0.104162849,3.04186E-05
1.29804273,0.001060818,0.102440951,1.88011E-05
1.287619692,0.001053455,0.100804328,2.74381E-05
1.277010167,0.001051463,0.099142995,2.69493E-05
1.266418414,0.0010424,0.097499624,2.77084E-05
1.259613197,0.001023026,0.096450026,2.71242E-05
1.249216933,0.001035016,0.094855439,2.40112E-05
1.238550425,0.001036499,0.093241975,2.94674E-05
1.227918186,0.001040916,0.091659104,4.62839E-05
1.21748893,0.001036059,0.090104426,0.000047149
1.206932568,0.001038775,0.088538399,4.19081E-05
1.196414918,0.001032527,0.086990065,3.49188E-05
1.189483677,0.001039886,0.085972467,2.55998E-05
1.178989325,0.001042638,0.084454727,2.31518E-05
1.168475076,0.001043535,0.082950858,2.37901E-05
1.157973114,0.00104953,0.081464836,2.68763E-05
1.147496418,0.001046716,0.079993764,2.77518E-05
1.13700709,0.001047224,0.078534554,2.86814E-05
1.12649126,0.001041241,0.077088981,3.33025E-05
1.119456405,0.001034727,0.076128256,3.51043E-05
1.109025492,0.001047751,0.074700763,2.35528E-05
1.098279635,0.001045553,0.073260499,0.000027949
1.087713003,0.001049767,0.071861175,3.53035E-05
1.077293142,0.001051776,0.070495528,4.33193E-05
1.066780289,0.001058151,0.069116795,3.69482E-05
1.059701547,0.001054843,0.068193627,0.000030179
1.049396778,0.001051944,0.066857687,1.72421E-05
1.038728772,0.001056772,0.065511992,2.74113E-05
1.028326144,0.001045565,0.064202867,2.69351E-05
1.017785515,0.001053946,0.06288846,2.49542E-05
1.007106769,0.001053983,0.061564675,1.68586E-05
0.996682895,0.001070976,0.06030589,2.88344E-05
0.989728442,0.001081145,0.059470718,3.40435E-05
0.979160887,0.001063021,0.058196415,0.000025358
0.968623932,0.001075261,0.056959735,3.69672E-05
0.958037099,0.001062661,0.055704057,2.17569E-05
0.947546505,0.001064816,0.054486385,1.97005E-05
0.936867262,0.001049548,0.053264822,2.17412E-05
0.926573935,0.001053516,0.05209315,1.62086E-05
0.919618982,0.001065382,0.051312569,1.62009E-05
0.909193914,0.001066993,0.050158057,0.000020614
0.898630227,0.001073511,0.04899973,2.30295E-05
0.888196699,0.001065656,0.047858164,0.000014479
0.877504748,0.001064793,0.046716496,2.00503E-05
0.867031428,0.001052069,0.045594791,0.000008549
0.856367874,0.001049737,0.04448314,0.000013464
0.84939836,0.001038342,0.043763638,1.62088E-05
0.838838579,0.001039408,0.042685862,2.14041E-05
0.828432291,0.001052758,0.041630909,2.03299E-05
0.817965425,0.001049573,0.040572022,8.0936E-06
0.807460276,0.001046192,0.03955864,3.17163E-05
0.796816969,0.001051505,0.038515913,2.58691E-05
0.786293275,0.001063462,0.037501805,2.33714E-05
0.779251207,0.001058787,0.036825697,1.66378E-05
0.768758924,0.001055096,0.03584477,2.18011E-05
0.758279777,0.00105349,0.034868713,1.71751E-05
0.747986962,0.001044426,0.033923859,0.000013423
0.737456935,0.001046218,0.032981569,2.05355E-05
0.726915241,0.001059136,0.032047085,2.29462E-05
0.716303427,0.001065448,0.031114731,2.00218E-05
0.709254254,0.001062469,0.030506772,2.18644E-05
0.69867416,0.001063524,0.029609648,0.000028614
0.688170368,0.0010606,0.028715459,1.82743E-05
0.677700073,0.001062851,0.027851746,2.22018E-05
0.667150965,0.001063518,0.026990976,2.20862E-05
0.656645592,0.001076508,0.02614867,2.33847E-05
0.649455331,0.001054906,0.025583061,2.74205E-05
0.639025951,0.001061327,0.024761614,2.10351E-05
0.628708651,0.001066007,0.023982149,3.48351E-05
0.618006206,0.001065475,0.02315319,1.50544E-05
0.60778132,0.001065092,0.022405707,2.76151E-05
0.597113532,0.00106108,0.021622368,2.36744E-05
0.586523516,0.00107283,0.020857144,1.84632E-05
0.57943927,0.001072819,0.020365473,2.75883E-05
0.569007307,0.001067992,0.019649492,0.000037942
0.558443101,0.001068921,0.018931319,4.18185E-05
0.548043012,0.001067764,0.018224806,3.28769E-05
0.537466289,0.00106591,0.017533021,3.70198E-05
0.527077137,0.001054743,0.01687236,4.67036E-05
0.516518148,0.00106104,0.016201322,0.000043521
0.509517045,0.001077407,0.01576335,4.08941E-05
0.498809085,0.00107022,0.015109822,0.000041694
0.488364069,0.001081653,0.014480617,3.73226E-05
0.477857974,0.00108076,0.013876872,4.86944E-05
0.467362464,0.001087632,0.013266834,3.97642E-05
0.457031461,0.001073795,0.012708778,6.03301E-05
0.446501724,0.001071123,0.012126906,5.48708E-05
0.439302625,0.001068054,0.011743843,5.81488E-05
0.428819404,0.001057887,0.011184144,4.97805E-05
0.418342057,0.001072405,0.010651756,5.50816E-05
0.407905508,0.001071352,0.010133427,0.000059104
0.397311758,0.00109205,0.009631681,7.40554E-05
0.386943398,0.001098415,0.009118763,5.36563E-05
0.376403042,0.001103194,0.00863865,6.08631E-05
0.36928898,0.001089073,0.008317241,6.07485E-05
0.358628511,0.001072642,0.007834938,0.000048413
0.348241302,0.001077033,0.007394956,5.30902E-05
0.337530922,0.001064115,0.006963299,6.62281E-05
0.327074752,0.001077622,0.006538121,0.000061865
0.316690791,0.001066595,0.006138278,6.68154E-05
0.306157934,0.001082612,0.005740611,6.63879E-05
0.299246395,0.001083786,0.005483014,6.21478E-05
0.288846519,0.001081643,0.005120067,0.00006952
0.278091288,0.001096537,0.004765334,8.39688E-05
0.267607964,0.001077395,0.004414024,7.90202E-05
0.257025854,0.001086106,0.004091037,9.21474E-05
0.246579929,0.001069511,0.003778819,9.84148E-05
0.236251568,0.001079804,0.003482744,0.000104238
0.229272772,0.001080278,0.003300289,0.000118459
0.218616218,0.001066463,0.00302189,0.000128999
0.208080393,0.001090317,0.002733368,0.000112616
0.197662675,0.001084497,0.002481148,0.000116268
0.187132301,0.001088027,0.002241994,0.000122392
0.176610697,0.001074673,0.001998207,0.000110269
0.166185254,0.001085464,0.001782768,0.00011115
0.15905374,0.001075118,0.0016424,0.000111176
0.148445484,0.001067673,0.001446714,0.000112936
0.137865933,0.001068262,0.001277141,0.000126702
0.127485038,0.001054905,0.001105781,0.000122068
0.116918894,0.001061676,0.000931463,0.00010405
0.1064741,0.001050518,0.000794876,0.000108685
0.099476495,0.001056435,0.000697732,9.87651E-05
0.089000642,0.001067876,0.000591126,0.000111658
0.078415608,0.001061277,0.000469813,9.75986E-05
0.067908424,0.001070864,0.000372022,9.28558E-05
0.057371417,0.00106766,0.000309228,0.000109956
0.046949924,0.001079255,0.000235346,0.00010187
0.036312585,0.001058705,0.000183458,0.000103587
0.029394802,0.001058474,0.000161795,0.000109435
0.018971302,0.001061721,0.000126392,0.000104542
0.008256273,0.001051562,0.000107774,0.000103581
-0.002213119,0.001049814,0.000117917,0.000117554
-0.012821055,0.001052836,0.000124791,0.000114776
-0.023418055,0.001056119,0.00013974,0.000106483
-0.03369505,0.001050939,0.000180857,0.000112078
-0.04067955,0.001054222,0.000209812,0.000109593
-0.051141793,0.001053639,0.000270993,0.000112635
-0.061597081,0.001045715,0.000335421,0.000105726
-0.072158301,0.00104173,0.000431533,0.000116344
-0.082735129,0.001035969,0.000520039,0.000105699
-0.093391271,0.00102611,0.0006393,0.000111369
-0.103935722,0.001033096,0.000767788,0.000113925
-0.11078697,0.001043058,0.000859976,0.000117073
-0.121266051,0.001051279,0.000996305,0.000106223
-0.131770204,0.00105239,0.001163384,0.00011243
-0.142225677,0.001053731,0.001358195,0.000133847
-0.152906502,0.001042595,0.001529155,0.000114011
-0.163443568,0.001036016,0.001734485,0.000117575
-0.174027419,0.001026925,0.001942949,0.000109845
-0.181053403,0.001028538,0.002106503,0.000122388
-0.191393474,0.001038416,0.002318046,0.000100815
-0.2019621,0.001040565,0.002580361,0.00011148
-0.212340377,0.001047234,0.00284085,0.000111687
-0.222859822,0.001049382,0.003113364,0.000107065
-0.233441272,0.001042527,0.003400873,0.000102281
-0.240550742,0.001015125,0.003586383,8.37905E-05
-0.251066474,0.001007072,0.003895368,7.98019E-05
-0.26153569,0.001002031,0.004230384,8.99206E-05
-0.271930807,0.001006456,0.004546551,7.03466E-05
-0.282450013,0.001012346,0.004905641,7.63587E-05
-0.292889595,0.001026466,0.005260867,6.79187E-05
-0.303657871,0.001028028,0.00564845,0.000066547
-0.310717885,0.00102388,0.005904268,5.97273E-05
-0.321144752,0.001027527,0.006309868,0.000066385
-0.331616628,0.001019931,0.006724936,6.75248E-05
-0.342161714,0.001025084,0.007144649,5.69772E-05
-0.352689722,0.001010494,0.007587268,5.65824E-05
-0.363115117,0.001023295,0.008044868,6.22378E-05
-0.373683109,0.001010634,0.008522529,6.83194E-05
-0.380704021,0.001020932,0.008830001,5.50021E-05
-0.391037544,0.001034929,0.009306838,4.88171E-05
-0.401676734,0.001014617,0.009821669,5.28059E-05
-0.412249127,0.001021001,0.010337272,4.71631E-05
-0.422836084,0.001010115,0.010866166,4.05011E-05
-0.433310653,0.001017269,0.011425181,5.62546E-05
-0.443933189,0.001001745,0.011976718,4.32547E-05
-0.450976348,0.00099701,0.012359253,4.39251E-05
-0.461316933,0.001011697,0.01293978,5.28919E-05
-0.47179575,0.001008032,0.013516729,3.73944E-05
-0.482343022,0.00102175,0.014145136,5.60127E-05
-0.492817045,0.00100066,0.01475747,4.94239E-05
-0.503328155,0.001012716,0.015394493,5.19272E-05
-0.513875388,0.000996802,0.016031715,3.89557E-05
-0.520900191,0.000993609,0.016470848,3.75357E-05
-0.531353077,0.001011381,0.01713947,3.95095E-05
-0.541909115,0.000999829,0.017821157,3.44924E-05
-0.552342142,0.001023164,0.018511144,3.24573E-05
-0.562893232,0.00101022,0.01921748,2.54813E-05
-0.573398115,0.001026869,0.019937992,2.23474E-05
-0.584044087,0.001005964,0.020681306,0.000018603
-0.590982152,0.001006631,0.021181705,0.000024712
-0.601589296,0.001024398,0.021944875,2.08697E-05
-0.612078605,0.001021264,0.022713562,1.75972E-05
-0.622571274,0.001038642,0.0235191,3.75239E-05
-0.632980069,0.001037516,0.024298447,2.42931E-05
-0.643508858,0.001048132,0.025128483,3.91872E-05
-0.65403189,0.001038504,0.025952225,3.47411E-05
-0.661112741,0.001029934,0.026511552,2.91936E-05
-0.67158887,0.001031276,0.027364882,3.55805E-05
-0.682061173,0.001021762,0.028222154,3.28489E-05
-0.692488389,0.001035389,0.02910094,4.20452E-05
-0.703184108,0.001034294,0.030005245,4.05936E-05
-0.713588103,0.001053252,0.030893036,3.39399E-05
-0.724080955,0.001044199,0.031803509,2.89566E-05
-0.731115363,0.001057337,0.032431328,3.55286E-05
-0.741738407,0.001058828,0.033385889,4.04639E-05
-0.752290635,0.001037563,0.03434906,4.67017E-05
-0.762865115,0.001039711,0.035318609,4.36567E-05
-0.773283243,0.00103641,0.036294057,0.000047534
-0.783785321,0.001040256,0.037283421,4.40756E-05
-0.794192979,0.001036028,0.038261887,2.53487E-05
-0.801286182,0.001058937,0.038960024,3.62709E-05
-0.811867881,0.001059497,0.039982273,2.18987E-05
-0.822475617,0.001047151,0.041043074,2.97857E-05
-0.83304244,0.001038668,0.042104571,2.87429E-05
-0.843363783,0.001026864,0.043149671,2.27979E-05
-0.85386678,0.001030936,0.044237703,2.79006E-05
-0.86092007,0.001039394,0.044970765,2.61393E-05
-0.871312805,0.001027279,0.046061997,2.35435E-05
-0.881924823,0.001039538,0.04720478,3.57644E-05
-0.892379292,0.001037658,0.048324492,2.82091E-05
-0.90292339,0.00105212,0.049467777,2.09936E-05
-0.913386973,0.001038377,0.050635428,3.34601E-05
-0.923885056,0.001026451,0.051794511,2.00576E-05
-0.93084759,0.001035253,0.052586558,2.70307E-05
-0.94146246,0.001032712,0.053796372,2.85025E-05
-0.952146405,0.001036853,0.055022033,2.39938E-05
-0.962713326,0.001037902,0.056273911,4.53947E-05
-0.973045665,0.001040461,0.057484056,3.91197E-05
-0.983511134,0.001038922,0.058721872,3.14754E-05
-0.993932598,0.001037499,0.059977608,3.36158E-05
-1.001007318,0.00103181,0.060838315,3.56999E-05
-1.011478463,0.001031853,0.062110206,2.54676E-05
-1.022148413,0.001026214,0.063441409,3.63348E-05
-1.032753883,0.001028418,0.064770176,3.88658E-05
-1.043312374,0.001035722,0.066094886,2.94653E-05
-1.053810942,0.001042947,0.067447055,4.14894E-05
-1.060808507,0.001040424,0.068339092,3.27478E-05
-1.071037528,0.001050278,0.069661962,2.80104E-05
-1.081532424,0.001062794,0.071037546,2.80807E-05
-1.092148896,0.00104189,0.072453043,3.83227E-05
-1.102709156,0.001044746,0.073861162,3.48379E-05
-1.113311758,0.001022799,0.075282652,2.52305E-05
-1.123834077,0.001043541,0.076727389,3.59905E-05
-1.130771251,0.001044028,0.077675478,3.12111E-05
-1.141374158,0.00103305,0.079130503,1.83764E-05
-1.151666374,0.001051706,0.080565338,1.50816E-05
-1.162453133,0.001035509,0.082095242,2.37131E-05
-1.172903937,0.00103983,0.083561655,2.5176E-06
-1.18349741,0.001004509,0.085095794,1.49638E-05
-1.194069866,0.001010332,0.086635304,2.19579E-05
-1.201040298,0.001017306,0.087645209,1.39097E-05
-1.211380605,0.001008296,0.089158319,5.8598E-06
-1.221911604,0.001024279,0.090719194,0.000003913
-1.232287951,0.00101855,0.092284071,1.54892E-05
-1.242816513,0.001028774,0.093882609,0.000024305
-1.253410596,0.001022579,0.095492861,2.10754E-05
-1.264096122,0.001026773,0.097145458,3.21669E-05
-1.271068673,0.001020338,0.098214782,2.27365E-05
-1.2816563,0.00100649,0.099869769,2.81303E-05
-1.292068646,0.001011149,0.101507939,3.04449E-05
-1.302517307,0.001009819,0.103161527,2.89405E-05
-1.312938536,0.001023787,0.104824386,2.75418E-05
-1.323562434,0.001021565,0.106536631,2.92734E-05
-1.334045164,0.001023631,0.108247667,0.000038771
-1.341149409,0.001013212,0.109405933,3.61203E-05
-1.351619581,0.001004576,0.111127981,3.57722E-05
-1.362174939,0.001011624,0.112877542,3.51117E-05
-1.372588433,0.001004764,0.114627516,4.47937E-05
-1.383316517,0.001020269,0.116429864,4.01471E-05
-1.393676965,0.001017812,0.11819409,4.56906E-05
-1.404179891,0.00101829,0.119982013,3.70842E-05
-1.411125733,0.001014089,0.121172798,3.22234E-05
-1.421627768,0.001016845,0.122990312,0.000030502
-1.432073397,0.001001172,0.124807165,2.42376E-05
-1.442706666,0.000983178,0.126680512,2.77223E-05
-1.45321426,0.000991379,0.128542725,2.82943E-05
-1.463851158,0.000982695,0.130433807,2.07733E-05
-1.474292801,0.000998813,0.132326108,3.55584E-05
-1.481357666,0.001014041,0.133591544,2.29216E-05
-1.491825924,0.001002844,0.13551197,3.81027E-05
-1.502275019,0.001001266,0.137433016,4.37076E-05
-1.512650479,0.000992157,0.139340423,3.56403E-05
-1.523288449,0.000992237,0.141325961,4.32336E-05
-1.533685656,0.000985327,0.143269181,3.95653E-05
-1.544265519,0.000990816,0.145266538,4.19112E-05
-1.551264352,0.000986104,0.146591732,3.96388E-05
-1.561939173,0.000989234,0.148626339,0.000037713
-1.572374852,0.000991515,0.150639524,4.61538E-05
-1.582919361,0.000991708,0.152677445,4.45242E-05
-1.593421601,0.000994489,0.154738114,5.99237E-05
-1.603938137,0.000982049,0.156779706,3.95633E-05
-1.610908491,0.000991281,0.158154194,3.97185E-05
-1.621579169,0.000984245,0.160278621,4.83798E-05
-1.632025154,0.000985093,0.162364594,4.92462E-05
-1.64243749,0.000993822,0.164447786,4.03631E-05
-1.652924462,0.001004557,0.166575523,0.000047213
-1.663469267,0.001005748,0.168722428,4.75475E-05
-1.673883915,0.001009606,0.170863836,5.51058E-05
-1.680982949,0.001003072,0.172318537,4.74423E-05
-1.69159729,0.000992671,0.174508524,3.90547E-05
-1.702119836,0.001000157,0.176702869,3.99792E-05
-1.712562139,0.000982338,0.178899177,4.57542E-05
-1.723118718,0.000982212,0.181126247,4.42938E-05
-1.733678965,0.000982625,0.183368191,4.28183E-05
-1.744268765,0.001004209,0.185632661,4.34033E-05
-1.751206847,0.001003236,0.187118103,3.79198E-05
-1.761742326,0.000994569,0.189389291,3.34691E-05
-1.772269033,0.001003942,0.191690339,4.67085E-05
-1.782686137,0.000985501,0.193963257,0.000041797
-1.793182322,0.000987456,0.196259324,0.000028803
-1.80367835,0.000974923,0.198587723,3.41789E-05
-1.814247625,0.001002257,0.200944911,3.79747E-05
-1.821257903,0.00099193,0.202520292,4.45888E-05
-1.831649927,0.000989981,0.204858575,4.58249E-05
-1.842374078,0.001007423,0.207267586,2.86774E-05
-1.852841432,0.000985189,0.209657022,3.59268E-05
-1.863346453,0.000986173,0.212048669,2.27688E-05
-1.873853326,0.000965985,0.214470445,2.52393E-05
-1.884338061,0.000979872,0.216889481,1.60176E-05
-1.891264768,0.000985652,0.21851674,3.13554E-05
-1.901852959,0.000971642,0.22098894,2.77233E-05
-1.912341863,0.000996846,0.223442593,1.46251E-05
-1.922955277,0.000989711,0.225957714,1.93936E-05
-1.93332171,0.001001238,0.228419623,1.54467E-05
-1.943884627,0.000979228,0.230950465,1.95422E-05
-1.954304293,0.000985499,0.233451745,1.43315E-05
-1.961407315,0.000986521,0.235176682,2.26306E-05
-1.971989274,0.000979576,0.237745233,2.17595E-05
-1.982636367,0.000995307,0.240343768,2.05483E-05
-1.992977177,0.000995588,0.242880854,1.87379E-05
-2.003477267,0.001002626,0.245480343,2.61586E-05
-2.013887457,0.000993246,0.248070475,0.00003242
-2.020978574,0.000977808,0.249836828,3.07315E-05
-2.031512928,0.000982796,0.252470357,2.57535E-05
-2.042008957,0.000969473,0.255100755,1.30264E-05
-2.05256359,0.0009835,0.257772996,1.30582E-05
-2.063114937,0.000976315,0.260469146,2.34702E-05
-2.07357395,0.000999151,0.26314254,2.04394E-05
-2.084179883,0.000996485,0.265869643,1.90942E-05
-2.091123723,0.001003839,0.267663531,1.87553E-05
-2.101689088,0.001010599,0.270402453,1.57174E-05
-2.112120278,0.000996884,0.273131858,2.38142E-05
-2.122710403,0.001000976,0.275909376,2.41421E-05
-2.133218778,0.000979763,0.278682945,2.75962E-05
-2.143790125,0.000992817,0.281474295,1.77761E-05
-2.154241165,0.000989568,0.284267948,2.78834E-05
-2.161226683,0.000984671,0.286132654,0.000024147
-2.1715777,0.000996528,0.288925103,0.000036309
-2.18216461,0.000995362,0.291758798,1.19462E-05
-2.192579871,0.001008878,0.294593246,2.04419E-05
-2.203363224,0.000997352,0.297532457,1.89454E-05
-2.213811243,0.000989657,0.300380318,3.0935E-06
-2.224180912,0.000972535,0.30323045,-3.0874E-06
-2.231242413,0.000978722,0.305175519,-0.000011134
-2.241875399,0.000994431,0.30814933,9.4511E-06
-2.252281958,0.000983759,0.311044164,-3.543E-07
-2.262752761,0.000990622,0.313995712,1.43262E-05
-2.273251648,0.000987209,0.316957347,1.68119E-05
-2.283917311,0.000993334,0.319990309,2.88345E-05
-2.29442767,0.000984782,0.322960101,7.0912E-06
-2.301486806,0.000966355,0.324975634,5.2689E-06
-2.312095403,0.000967842,0.32804502,3.06314E-05
-2.322519451,0.000970763,0.331033967,1.41108E-05
-2.332958874,0.000971751,0.334047948,3.8762E-06
-2.34353853,0.000969606,0.337131708,8.1674E-06
-2.353897322,0.000985041,0.340163182,1.01805E-05
-2.364545394,0.000986138,0.343295585,1.37866E-05
-2.37149241,0.000969719,0.345343253,0.000012107
-2.382082762,0.000969077,0.348476233,8.7098E-06
-2.392565982,0.000964843,0.351611982,2.52224E-05
-2.403039853,0.000962231,0.35474109,2.33696E-05
-2.413586892,0.000964176,0.357908141,0.000022923
-2.424208799,0.000970755,0.361112207,2.21228E-05
-2.43111764,0.000970598,0.363191593,8.9339E-06
-2.441644354,0.00098077,0.366395922,1.27252E-05
-2.452048214,0.000971975,0.369564818,3.9903E-06
-2.462642068,0.000977701,0.372818254,6.9939E-06
-2.473194737,0.000969558,0.376069177,5.2908E-06
-2.483713679,0.000983281,0.379325314,4.4507E-06
-2.494369147,0.000975019,0.382624963,-1.01681E-05
-2.501484201,0.000975087,0.38483838,-1.82368E-05
-2.511868039,0.000993485,0.388098678,-1.21349E-05
-2.522295801,0.000973209,0.391381231,-1.20208E-05
-2.532802565,0.000981404,0.394695047,-2.02079E-05
-2.543192501,0.000968931,0.398002977,-1.18548E-05
-2.553729241,0.000979519,0.401360565,-1.52231E-05
-2.564317321,0.00095916,0.404744814,-2.32848E-05
-2.571259022,0.000962626,0.406982979,-0.000017327
-2.581899563,0.000963744,0.410412934,-2.15473E-05
-2.592350454,0.000955517,0.413794776,-2.74705E-05
-2.602901285,0.000968572,0.417244192,-1.31124E-05
-2.613337647,0.000956479,0.420656205,-1.36205E-05
-2.62380835,0.000961267,0.42411164,3.3225E-06
-2.634391165,0.000941327,0.42758969,-8.9512E-06
-2.641397568,0.000936328,0.429906633,-1.11068E-05
-2.651997686,0.000944279,0.433436912,-2.0393E-06
-2.66248662,0.000943,0.436919514,-1.86602E-05
-2.672934754,0.000958022,0.440433864,-4.7215E-06
-2.683342593,0.000949787,0.443933765,-6.4263E-06
-2.693799301,0.000961293,0.447468864,-4.1634E-06
-2.704420079,0.000960393,0.451069033,-7.4473E-06
-2.711487822,0.000940398,0.453481324,-1.6098E-06
-2.722086655,0.000948576,0.45709768,-6.7189E-06
-2.732647586,0.000938866,0.460732611,4.4981E-06
-2.743073149,0.00094469,0.464308739,-1.15403E-05
-2.753566084,0.000936989,0.467935825,-1.47945E-05
-2.764060331,0.000940259,0.471580219,-0.000016225
-2.774540243,0.00094998,0.475244892,-7.4114E-06
-2.781578155,0.000954747,0.477702811,-1.30594E-05
-2.792056481,0.000957126,0.481381818,-1.44678E-05
-2.802664146,0.000932497,0.485121179,-1.62709E-05
-2.813240788,0.000929889,0.488863707,-0.000019333
-2.823750362,0.000915769,0.492604875,-1.52143E-05
-2.834144926,0.000930278,0.496312234,-1.89451E-05
-2.841182985,0.000940566,0.498837758,-1.46046E-05
-2.851616448,0.000938035,0.502587769,-1.46321E-05
-2.86211234,0.000949448,0.506385301,-4.7181E-06
-2.872647211,0.000947068,0.510188983,-1.80057E-05
-2.883217311,0.00095446,0.514051886,-2.477E-07
-2.893865642,0.00093361,0.517919399,-2.19585E-05
-2.904311922,0.000935439,0.521766723,-5.3186E-06
-2.911313235,0.000943869,0.524339377,-8.5345E-06
-2.921906471,0.000940441,0.528241963,-1.62605E-05
-2.932268837,0.000944395,0.532090248,-8.1441E-06
-2.942863615,0.000942047,0.536029766,-1.03607E-05
-2.953224355,0.000944685,0.539912202,2.3022E-06
-2.963721698,0.000947629,0.543852946,6.9951E-06
-2.974353248,0.000950106,0.547856287,8.2908E-06
-2.981340375,0.000929867,0.550484649,-2.1127E-06
-2.991859811,0.000922108,0.55447075,-1.6693E-06
-3.002575152,0.000925895,0.558530814,-0.000017415
-3.013034512,0.000926248,0.562517879,-2.43096E-05
-3.023506116,0.000936605,0.566540484,-0.000015717
-3.03389887,0.000933326,0.570540793,-0.000014424
-3.044397089,0.000933908,0.574583609,-2.66296E-05
-3.051337193,0.000932828,0.577265705,-3.37236E-05
-3.062012653,0.000915478,0.581421299,-2.79692E-05
-3.072445152,0.000914781,0.585516334,-3.8668E-06
-3.083097702,0.000916477,0.589668339,-2.45282E-05
-3.093606806,0.000922346,0.593810978,-0.000014098
-3.104129161,0.000931885,0.597961155,-1.70136E-05
-3.114558912,0.000926087,0.602092084,-1.81201E-05
-3.121536866,0.000931608,0.604873312,-1.00274E-05
-3.13186617,0.00093829,0.608996545,-0.000004507
-3.142595782,0.000927461,0.613269476,-2.49433E-05
-3.153164254,0.000920691,0.617517163,-2.21822E-05
-3.163717891,0.000897462,0.621773541,-2.06711E-05
-3.174296676,0.000907071,0.626045068,-3.01224E-05
-3.181316811,0.000923174,0.628903102,-2.18046E-05
-3.191547246,0.000924753,0.633066545,-2.38815E-05
-3.202112157,0.000937334,0.637389025,-1.88604E-05
-3.21263936,0.000928086,0.641722471,-3.3989E-06
-3.223334459,0.000939543,0.646122923,-6.1134E-06
-3.233809119,0.00092647,0.650461774,4.3689E-06
-3.244406668,0.000920464,0.654853565,0.000000915
-3.251382755,0.000911144,0.65774683,-7.9387E-06
-3.261809933,0.000914489,0.66209897,-6.7171E-06
-3.272410722,0.000935834,0.666534263,-0.000010912
-3.282813672,0.000930291,0.670935072,1.74389E-05
-3.293234434,0.000946616,0.675309739,-3.5805E-06
-3.303748875,0.000934465,0.679753369,-0.000011139
-3.314304767,0.00093846,0.68423606,-0.000013365
-3.321392648,0.000923144,0.687260489,-9.4926E-06
-3.331832525,0.000913155,0.691712767,-0.000019596
-3.342415068,0.00091421,0.696271368,-6.025E-07
-3.352839296,0.000905804,0.700744315,-1.53612E-05
-3.363391703,0.000925133,0.705298477,-2.02995E-05
-3.37392062,0.000919465,0.709874421,-9.5799E-06
-3.384433425,0.000919745,0.714454538,-3.9484E-06
-3.391501172,0.000920111,0.717537959,-5.0851E-06
-3.40211859,0.000904973,0.72219334,2.7388E-06
-3.412457278,0.0009148,0.726715036,-0.000017089
-3.422963547,0.000904143,0.731366465,3.0321E-06
-3.433517953,0.000916125,0.736026558,-5.8416E-06
-3.444138919,0.0009203,0.740741436,-6.0316E-06
-3.454605316,0.000910609,0.745412026,1.7418E-06
-3.461623376,0.000906143,0.748528169,-1.77992E-05
-3.472174916,0.000898921,0.753246172,-0.000028036
-3.482560683,0.000898191,0.757939817,-4.5418E-06
-3.492967466,0.000892091,0.762628872,-1.12268E-05
-3.503481412,0.000894062,0.767390332,-1.02948E-05
-3.513992844,0.000898619,0.772179605,3.0515E-06
-3.524481831,0.000904336,0.776953505,-0.000005284
-3.531523951,0.000910219,0.780164182,-1.45791E-05
-3.542087262,0.000912532,0.785012878,-9.8786E-06
-3.552549434,0.000905112,0.789824672,-1.22525E-05
-3.563157479,0.000897765,0.794709149,-2.59168E-05
-3.573661099,0.000898956,0.79958801,-1.37216E-05
-3.584244377,0.000894659,0.804501728,-2.04542E-05
-3.594764026,0.000900251,0.809425867,-3.9986E-06
-3.601837584,0.00087924,0.812730809,-8.4889E-06
-3.612346105,0.000888039,0.817663257,-6.5939E-06
-3.622725052,0.000892398,0.822549143,-6.9584E-06
-3.633192234,0.00089459,0.827487229,-1.32891E-05
-3.643625225,0.000889017,0.832422378,-2.30505E-05
-3.654134588,0.000879189,0.837449894,6.5311E-06
-3.664780091,0.00087357,0.842512935,-1.03561E-05
-3.671743309,0.000879176,0.845843443,-1.20314E-05
-3.682376407,0.000872898,0.850948163,-1.00546E-05
-3.692821096,0.000879258,0.855961855,-2.56301E-05
-3.703302445,0.000893535,0.861031562,-1.97466E-05
-3.713834671,0.000895331,0.866133456,-2.33422E-05
-3.724323975,0.000888359,0.871226848,-3.16856E-05
-3.734830545,0.000884783,0.87636845,-1.73072E-05
-3.741913708,0.000880839,0.879827808,-2.42118E-05
-3.752427769,0.000870268,0.885010012,-1.6166E-06
-3.762936886,0.000859505,0.890177387,-0.000008622
-3.773339377,0.000854384,0.89531068,-1.41741E-05
-3.783845128,0.000857565,0.90053372,1.8497E-06
-3.794426598,0.000880292,0.905795055,1.1749E-06
-3.801390189,0.000881794,0.909263637,-2.7104E-06
-3.811817747,0.000874622,0.914470296,-1.01003E-05
-3.822418799,0.000872003,0.919779499,-1.92293E-05
-3.832946757,0.000868302,0.925076179,-2.17391E-05
-3.843585974,0.000863747,0.930445612,-0.000025273
-3.854033266,0.000855836,0.935745645,-1.87048E-05
-3.864536456,0.000865074,0.94110359,0.000000016
-3.871492121,0.000868582,0.944640592,-8.4852E-06
-3.882014085,0.000864645,0.950019674,-0.00000737
-3.892574484,0.000872836,0.955451451,0.000009063
-3.90303591,0.000867625,0.960816895,-7.6296E-06
-3.913516765,0.000871297,0.966227924,-6.2822E-06
-3.924017705,0.000857852,0.971681601,9.6993E-06
-3.934523824,0.000857968,0.977122383,-7.6105E-06
-3.941641736,0.000866334,0.980835019,-2.9274E-06
-3.952071978,0.000858066,0.986271892,-1.42481E-05
-3.962615603,0.000872163,0.991796623,-1.47814E-05
-3.973104409,0.000859449,0.997302729,-2.30441E-05
-3.983711773,0.00086624,1.002897815,-2.27897E-05
-3.994211816,0.000858158,1.008469168,-7.6509E-06
-4.004855028,0.000856639,1.014124483,-2.6156E-06
-4.011827524,0.000838966,1.017834598,-4.0753E-06
-4.022382382,0.000831035,1.023468892,-3.4138E-06
-4.032833784,0.00083856,1.029066362,-2.3168E-06
-4.043270969,0.000834804,1.034655451,-1.98579E-05
-4.053683814,0.00084032,1.040254504,-3.21946E-05
-4.064212784,0.000836674,1.045947094,-3.17244E-05
-4.074698563,0.000841413,1.051627165,-3.86018E-05
-4.081739625,0.000840384,1.055459674,-3.50031E-05
-4.092275313,0.000830283,1.061208126,-3.11645E-05
-4.10281892,0.000833974,1.066971571,-3.50944E-05
-4.11333985,0.000833415,1.072739959,-4.01053E-05
-4.123951715,0.000837099,1.078603888,-1.81692E-05
-4.134452669,0.000840866,1.084396923,-2.45879E-05
-4.141487854,0.00084331,1.088293911,-2.33096E-05
-4.151884577,0.000852602,1.094074072,-1.55001E-05
-4.162467466,0.0008423,1.099962652,-2.12888E-05
-4.172905562,0.000844248,1.105799684,-1.64643E-05
-4.183478325,0.000842133,1.111748758,6.4014E-06
-4.193946629,0.000834536,1.117624467,-4.1862E-06
-4.204406935,0.000835978,1.123520225,-8.7992E-06
-4.214869442,0.000842712,1.12943982,-9.4315E-06
-4.221926643,0.000837541,1.133424589,-2.85259E-05
-4.232413639,0.000841915,1.139404218,-1.43485E-05
-4.242880393,0.000846134,1.145373959,-1.73127E-05
-4.253372874,0.000836366,1.151387626,-9.8974E-06
-4.264025908,0.000834088,1.157489895,-2.51601E-05
-4.274554084,0.000831889,1.163554176,-2.59369E-05
-4.281587676,0.000826483,1.167603229,-3.94614E-05
-4.292249323,0.000837993,1.173766732,-5.04271E-05
-4.302689107,0.000842014,1.179833519,-4.87447E-05
-4.313131207,0.000849589,1.185917344,-5.03478E-05
-4.323718949,0.000854994,1.192104214,-5.32104E-05
-4.334145788,0.000844718,1.198219447,-5.28136E-05
-4.344797153,0.00082798,1.204510122,-2.83398E-05
-4.351809531,0.000827242,1.208663593,-1.11466E-05
-4.362360531,0.000830133,1.214894274,-2.03473E-05
-4.372703074,0.000824105,1.221038127,-1.21841E-05
-4.383158961,0.000827151,1.227264434,-8.0774E-06
-4.393630456,0.000834948,1.233510678,-1.27887E-05
-4.404192153,0.000851819,1.239856328,8.2663E-06
-4.414734151,0.000855324,1.246162078,-1.86549E-05
-4.421816721,0.000841521,1.250429257,-1.72183E-05
-4.43227674,0.000835677,1.256734806,-2.80848E-05
-4.442779911,0.000834775,1.263092164,-3.30221E-05
-4.453252483,0.000836422,1.269477176,-1.16053E-05
-4.463797144,0.00084081,1.275882795,-3.34562E-05
-4.474201648,0.000847403,1.282236403,-4.16853E-05
-4.48485208,0.000857346,1.288787553,-2.31733E-05
-4.491778114,0.000862823,1.293040779,-2.92784E-05
-4.502390146,0.000855651,1.299593089,-0.00002014
-4.512986494,0.000856322,1.306151079,-0.000016295
-4.523388756,0.000847185,1.312609227,-1.23707E-05
-4.534020259,0.00085728,1.319217911,-2.08207E-05
-4.544558775,0.00085679,1.325806149,-0.00001253
-4.554947016,0.000865075,1.332297143,-2.78823E-05
-4.561994469,0.000871546,1.336719594,-3.08462E-05
-4.572434399,0.000870517,1.343280402,-0.000042827
-4.582901563,0.000880572,1.349902906,-3.08004E-05
-4.593386383,0.000866017,1.356536464,-3.95545E-05
-4.60395287,0.000866099,1.363256102,-3.49887E-05
-4.614448507,0.000850343,1.36994259,-3.95072E-05
-4.621504769,0.000840389,1.374462979,-2.92922E-05
-4.631975837,0.00084785,1.381175776,-2.68356E-05
-4.64247839,0.000852566,1.38793424,-1.99739E-05
-4.652926629,0.000866324,1.394656855,-3.50746E-05
-4.663631845,0.000871455,1.401604095,-1.30987E-05
-4.673872053,0.000880659,1.408243365,-1.90342E-05
-4.684656081,0.000867937,1.415246524,-0.000036002
-4.69174897,0.000855079,1.419879269,-3.29044E-05
-4.702258171,0.000852215,1.426773806,-1.59915E-05
-4.712623898,0.000848738,1.433576392,-1.83675E-05
-4.723144654,0.000867005,1.440507407,-1.57387E-05
-4.733552799,0.000875538,1.447398234,-6.802E-07
-4.743953991,0.000879473,1.454303551,1.19707E-05
-4.754635422,0.000874628,1.461377417,-1.49859E-05
-4.761657619,0.000868605,1.466068499,-4.5714E-06
-4.772072763,0.000856814,1.473016478,-0.000017077
-4.782672878,0.000838872,1.480109773,-3.03364E-05
-4.793193799,0.000839514,1.487172699,-4.33662E-05
-4.803723297,0.00084564,1.494269045,-5.12778E-05
-4.81411693,0.000855594,1.501308512,-4.66012E-05
-4.824708744,0.000860014,1.508507165,-3.96682E-05
-4.83174849,0.000868242,1.513289864,-4.96536E-05
-4.842243033,0.000863624,1.520463672,-3.95862E-05
-4.852838484,0.000857609,1.5277316,-2.74694E-05
-4.863502896,0.000856343,1.53505042,-3.53229E-05
-4.87389936,0.000849252,1.542227551,-2.37134E-05
-4.884411683,0.000855213,1.54950912,-1.06522E-05
-4.894817231,0.00085743,1.556732889,-4.5765E-06
-4.901827355,0.000866,1.561613222,2.956E-07
-4.912210464,0.00087011,1.568834065,-1.94515E-05
-4.922886943,0.000872235,1.576320915,-1.8542E-06
-4.933345312,0.000863126,1.58365616,-7.0641E-06
-4.943981312,0.000856674,1.591143946,-8.6832E-06
-4.954282803,0.000853247,1.598418299,-1.16421E-05
-4.964965129,0.000852238,1.605995646,-5.1455E-06
-4.971973722,0.000855818,1.610978373,-3.2127E-06
-4.982522195,0.000862268,1.618502635,4.1342E-06
-4.993012995,0.000857283,1.625998811,2.58E-08
-5.003467679,0.00084635,1.633471775,-2.58829E-05
-5.013915642,0.000842214,1.640997239,-1.89501E-05
-5.024449761,0.000837341,1.648584648,-3.69796E-05
-5.034915697,0.000836292,1.656167957,-3.47929E-05
-5.041945247,0.000829667,1.661263672,-4.50231E-05
-5.052554127,0.000828686,1.669015204,-2.07231E-05
-5.063063189,0.000836904,1.676682986,-3.30129E-05
-5.0735179,0.000843848,1.684345898,-3.58256E-05
-5.08397957,0.00084488,1.692024118,-5.39169E-05
-5.094450707,0.000843358,1.69978045,-2.65415E-05
-5.105071125,0.000831669,1.707644245,-2.82949E-05
-5.112055843,0.000849532,1.712839457,-2.05889E-05
-5.122661822,0.000832896,1.720733974,-2.52965E-05
-5.133224384,0.000833684,1.728624014,-2.89516E-05
-5.143889133,0.000834891,1.736623553,-2.67874E-05
-5.154302935,0.000836263,1.74444475,-4.14394E-05
-5.164695493,0.000826816,1.752290403,-4.20812E-05
-5.174995997,0.000834022,1.760092863,-4.26431E-05
-5.182065461,0.000833408,1.765473316,-3.27737E-05
-5.192561531,0.000829476,1.773478781,-2.39988E-05
-5.203156157,0.000830096,1.781607651,5.1012E-06
-5.213779226,0.000819976,1.789742955,-9.5448E-06
-5.224400678,0.000823375,1.79791933,-1.05495E-05
-5.234806955,0.000813646,1.805969978,3.813E-07
-5.241679885,0.000811606,1.811268354,-2.64489E-05
-5.25210352,0.000825711,1.819366346,-2.81491E-05
-5.262651134,0.000817904,1.827587095,-3.22815E-05
-5.273063927,0.000825284,1.835743706,-2.41043E-05
-5.283751986,0.000813256,1.844123695,-3.78148E-05
-5.294306035,0.000809654,1.85245546,-2.44197E-05
-5.304868474,0.00080713,1.860840738,5.8851E-06
-5.311923164,0.000795571,1.866423005,-8.9909E-06
-5.32257521,0.000803359,1.874869942,-3.90347E-05
-5.332919168,0.000811003,1.883127588,-4.30139E-05
-5.343377486,0.00081775,1.891529583,-0.000024096
-5.353976591,0.00081576,1.900048126,-3.26252E-05
-5.36449504,0.000813345,1.908546579,-2.76071E-05
-5.375072296,0.000812549,1.917130619,-0.000016144
-5.382108559,0.000805425,1.922849186,-1.79905E-05
-5.392511945,0.000804169,1.931347035,-4.1216E-06
-5.40311488,0.000806922,1.940026882,-3.3089E-06
-5.413545059,0.000800332,1.948586846,-1.30796E-05
-5.42402269,0.000794047,1.957209916,-3.10759E-05
-5.434445315,0.000792204,1.965858171,-1.09687E-05
-5.445041881,0.000797849,1.974612871,-6.18837E-05
-5.452070577,0.000804547,1.980488066,-4.62152E-05
-5.46250513,0.000806098,1.989227262,-3.36906E-05
-5.473127682,0.000804239,1.998154095,-2.51961E-05
-5.48360711,0.000790215,2.006997246,-1.45857E-05
-5.494103085,0.000798945,2.015871593,-2.12627E-05
-5.504658257,0.000787271,2.024829524,-2.96279E-05
-5.515054234,0.000790362,2.033676576,-4.84629E-05
-5.522140118,0.00080149,2.03976173,-2.62602E-05
-5.532526802,0.000795574,2.048692437,-1.23053E-05
-5.54304779,0.000802131,2.057733638,-3.92427E-05
-5.553592973,0.000792766,2.066852427,-4.62489E-05
-5.564176454,0.000800357,2.076049738,-4.52998E-05
-5.574787223,0.000798749,2.085311739,-4.13886E-05
-5.581827335,0.000799248,2.091490516,-2.64377E-05
-5.592107384,0.000803372,2.100515605,-3.24889E-05
-5.602810174,0.000797002,2.109963023,-2.66111E-05
-5.61327314,0.000797287,2.119226149,-3.23438E-05
-5.623799979,0.000793084,2.128614813,-8.3255E-06
-5.634301257,0.000783008,2.138007202,2.5603E-06
-5.644878542,0.000786564,2.147492189,-2.2726E-06
-5.651833335,0.000800273,2.153732196,-2.43425E-05
-5.662226787,0.00080569,2.163095575,-0.000052513
-5.672717221,0.000800939,2.172618998,-0.000049148
-5.683157907,0.000800745,2.182148225,-3.60571E-05
-5.693595594,0.000798888,2.191721047,-1.82024E-05
-5.704401598,0.000790637,2.201630063,-4.56047E-05
-5.714907234,0.000781471,2.211335606,-4.39698E-05
-5.721988074,0.000785,2.217908264,-3.63334E-05
-5.732379262,0.000783948,2.227575655,-3.93199E-05
-5.742906147,0.000787716,2.237433737,-2.22073E-05
-5.753326532,0.000801763,2.247225957,-1.58319E-05
-5.7637829,0.000803172,2.257107289,9.058E-07
-5.774325633,0.000800983,2.267090616,-0.000007977
-5.784801658,0.00079435,2.277087738,1.37227E-05
-5.79182473,0.000786474,2.283797942,1.02573E-05
-5.802522429,0.000777662,2.294054492,-4.529E-07
-5.812944602,0.000775741,2.304080536,-0.00002518
-5.823387034,0.000783395,2.314203492,-2.05811E-05
-5.833916949,0.000784551,2.324465488,-1.10147E-05
-5.844489959,0.000798451,2.334806138,-1.51922E-05
-5.854931589,0.000793117,2.345055423,-3.24128E-05
-5.862071446,0.000785028,2.352111635,-2.53699E-05
-5.872478329,0.000794256,2.362424118,-3.03355E-05
-5.883091074,0.000793152,2.373010724,-1.80914E-05
-5.893566952,0.000797154,2.38350357,-1.62212E-05
-5.90418259,0.000789555,2.39417125,-3.38795E-05
-5.914533937,0.000792514,2.404668214,-9.6497E-06
-5.925097023,0.00077278,2.415416171,-3.7368E-06
-5.932137738,0.00079335,2.422588116,-2.30653E-05
-5.942696522,0.000807841,2.433430074,-1.31193E-05
-5.953162444,0.00078822,2.444216798,-1.99805E-05
-5.963685947,0.000798302,2.45512823,-0.000019351
-5.974187714,0.000786168,2.466075304,-1.91278E-05
-5.98471461,0.000788825,2.477103775,-2.32415E-05
-5.994125181,0.000774586,2.487013759,-2.70171E-05
-6.00225271,0.000767415,2.495603163,-3.90442E-05
-6.001750019,0.000775596,2.495090233,-1.89078E-05
-5.99121649,0.000788474,2.483972816,1.4504E-06
-5.980690398,0.00078045,2.472883988,-1.84115E-05
-5.97038968,0.000788671,2.462129597,9.733E-07
-5.959839004,0.000790491,2.451172203,0.000019919
-5.948339497,0.00079557,2.439286562,3.08048E-05
-5.941631226,0.000798668,2.432357552,9.8224E-06
-5.931116952,0.000797272,2.421563744,-3.2624E-06
-5.920664006,0.000800775,2.41090229,-0.000002676
-5.910179624,0.000801802,2.400303743,3.77247E-05
-5.899602732,0.000803879,2.389581752,-6.6888E-06
-5.889206319,0.00080173,2.379120203,-2.62328E-05
-5.878135121,0.000808347,2.36804583,-3.82768E-05
-5.871175747,0.000804566,2.361152533,-7.7399E-06
-5.86095161,0.000808039,2.35102317,-6.6547E-06
-5.850346547,0.000795767,2.340570131,-3.3756E-06
-5.839953915,0.000798394,2.330374336,-2.6141E-06
-5.829530274,0.00080241,2.320200194,8.221E-07
-5.818812832,0.000811965,2.30977808,-0.000007795
-5.808324548,0.000810802,2.299634187,-1.02407E-05
-5.801231722,0.000808214,2.292818553,5.0105E-06
-5.790756329,0.000813073,2.282772403,7.4113E-06
-5.780224659,0.000807229,2.272751486,4.14837E-05
-5.769911216,0.000801297,2.262916275,7.2594E-06
-5.759350718,0.000798658,2.252921174,1.6693E-06
-5.748820255,0.000802775,2.243008234,3.7735E-06
-5.738281655,0.000808012,2.233116217,-1.10374E-05
-5.73129159,0.000804597,2.226576545,-2.41816E-05
-5.720664079,0.000812808,2.216689802,-2.57417E-05
-5.710242927,0.000815094,2.207046227,-1.96504E-05
-5.699643262,0.000815842,2.197274152,-2.05135E-05
-5.689218237,0.000811749,2.187708385,-0.000018614
-5.678694634,0.000807312,2.178080504,-3.06776E-05
-5.668378237,0.000805759,2.168693432,-0.000032083
-5.661159137,0.000821159,2.162147593,-3.39158E-05
-5.650665547,0.000826795,2.152711684,7.8593E-06
-5.640175567,0.000826326,2.143281559,1.15837E-05
-5.629601649,0.000833779,2.133815319,1.40657E-05
-5.619042195,0.000837443,2.124392601,6.8654E-06
-5.608693695,0.000828154,2.115169205,-2.77291E-05
-5.601577527,0.000821595,2.108894841,-0.000005367
-5.591021779,0.000826335,2.099579261,-1.33916E-05
-5.580471567,0.000819945,2.090322648,-5.9708E-06
-5.570084365,0.000822472,2.081203656,-4.14229E-05
-5.559491026,0.000820909,2.071976395,-0.000042662
-5.549128262,0.000828914,2.062998862,-3.15386E-05
-5.538532628,0.000839207,2.053874312,-2.4418E-06
-5.531510474,0.000829466,2.047834615,3.9213E-06
-5.520856295,0.000824733,2.038666516,-2.17821E-05
-5.510350517,0.000820645,2.029687477,-2.18449E-05
-5.49990185,0.000818561,2.020808978,-5.3651E-06
-5.489496966,0.000825514,2.011985207,-0.000005972
-5.478862844,0.000824749,2.003001597,-7.3054E-06
-5.468504614,0.000829224,1.99427344,-2.01907E-05
-5.461357766,0.000836982,1.988273741,-2.60125E-05
-5.450905135,0.00084196,1.979522684,-3.89817E-05
-5.440354965,0.000842034,1.970737242,-3.85672E-05
-5.429892191,0.000828309,1.962076796,-1.91426E-05
-5.419347721,0.000831817,1.953365593,-1.58587E-05
-5.408923718,0.000835241,1.944783991,-1.49643E-05
-5.398368564,0.000845969,1.936152506,1.14589E-05
-5.391417438,0.000832151,1.930471526,1.44124E-05
-5.380797092,0.000832606,1.921790536,-9.3556E-06
-5.37037243,0.000845372,1.913312902,-2.08166E-05
-5.359610087,0.000839685,1.904610664,-1.51365E-05
-5.349226317,0.000832512,1.896225233,-2.99894E-05
-5.338704945,0.000818929,1.887774698,-2.98529E-05
-5.328276725,0.000815463,1.879424012,-3.50631E-05
-5.321268347,0.000842939,1.873841742,-0.000025555
-5.31068611,0.000846351,1.865458403,8.8495E-06
-5.300001394,0.000850735,1.856973663,-7.5546E-06
-5.289460707,0.000855187,1.848647919,-9.3264E-06
-5.279047515,0.000857662,1.84044872,-1.44708E-05
-5.268633094,0.000849278,1.832282328,-1.46828E-05
-5.258158567,0.000834017,1.824128564,1.59885E-05
-5.251221001,0.000826175,1.818687476,-2.01619E-05
-5.24074216,0.000836371,1.810568228,6.989E-07
-5.230231532,0.000828411,1.80244211,1.08346E-05
-5.21954305,0.000845994,1.794186414,-4.51E-08
-5.209066433,0.000844172,1.786141136,7.7852E-06
-5.198546401,0.000857418,1.778065927,-8.9213E-06
-5.191561921,0.000863053,1.772725999,-1.40206E-05
-5.18107493,0.000862541,1.764730735,-2.21165E-05
-5.170693064,0.000858082,1.756846015,-2.66724E-05
-5.160065155,0.000856646,1.748799949,-3.33991E-05
-5.149549091,0.000849639,1.740877445,-2.84452E-05
-5.138903385,0.000846578,1.732872767,-3.53913E-05
-5.128365197,0.000865067,1.724996633,-2.15983E-05
-5.121292854,0.000861078,1.719729816,-8.3521E-06
-5.110937444,0.000862366,1.712018056,-1.05826E-05
-5.100426043,0.000866093,1.704219209,-9.8743E-06
-5.08996429,0.00086464,1.696467431,-2.48923E-05
-5.079385563,0.000867401,1.688663298,-3.19283E-05
-5.069008266,0.000859256,1.681070271,-1.7354E-06
-5.058409076,0.00086302,1.673284425,-0.000027184
-5.051486531,0.00086037,1.668247203,-9.9495E-06
-5.040896002,0.000854203,1.660514756,-3.11006E-05
-5.030388649,0.000860701,1.652896863,-0.000023615
-5.019820726,0.000857,1.645270042,-6.4206E-06
-5.009253773,0.000863074,1.637644816,-1.35844E-05
-4.998678017,0.000864935,1.630046287,-1.28401E-05
-4.988321769,0.000866282,1.622641832,1.18E-08
-4.981285317,0.000872091,1.617633171,1.73514E-05
-4.970823303,0.000870892,1.610169997,6.7192E-06
-4.960301684,0.000870621,1.602696699,4.0901E-06
-4.949788411,0.000871894,1.595259372,7.2603E-06
-4.939165621,0.000877496,1.587772009,0.000013417
-4.928705088,0.000873393,1.580415669,1.22098E-05
-4.918192753,0.00087586,1.573034375,-1.3292E-06
-4.911348588,0.000885945,1.568249282,-2.3354E-06
-4.900637457,0.000875087,1.560791981,7.3511E-06
-4.890238284,0.000876928,1.553537386,-2.11179E-05
-4.879665422,0.000871819,1.546226406,-8.7868E-06
-4.869141896,0.000881503,1.538964885,-4.5944E-06
-4.858466666,0.00088451,1.531606661,-1.61286E-05
-4.851452686,0.000878989,1.526783012,-2.57305E-05
-4.840970347,0.000883491,1.519614183,-1.91063E-05
-4.830592744,0.000875936,1.512505369,-4.66121E-05
-4.820099554,0.000883604,1.505380701,-3.37147E-05
-4.809619115,0.000873924,1.498270488,-3.76295E-05
-4.799117546,0.000872743,1.491176655,-3.33895E-05
-4.78862923,0.000878398,1.484111222,-3.21418E-05
-4.778009837,0.000893134,1.477009923,-1.1884E-06
-4.771061772,0.000894983,1.472349788,-7.1653E-06
-4.760557312,0.000890822,1.465337517,-1.4887E-06
-4.750076032,0.000888205,1.458361219,2.6035E-06
-4.739458732,0.000882501,1.451313751,3.7311E-06
-4.729104166,0.000879451,1.444480868,2.34099E-05
-4.718473736,0.000877417,1.437437081,-7.3631E-06
-4.708042954,0.000892371,1.430580712,-0.000004118
-4.70088922,0.000893913,1.425883869,-8.8131E-06
-4.690432866,0.000897625,1.419025149,-2.72439E-05
-4.679690792,0.000897829,1.412025664,-0.000021777
-4.669373977,0.000895814,1.405327395,-1.35536E-05
-4.658843568,0.000894772,1.398504445,-1.24524E-05
-4.648328846,0.000891644,1.391686564,-0.000037826
-4.641409838,0.000872076,1.387254412,-1.19153E-05
-4.630956116,0.000870527,1.380525352,-2.28568E-05
-4.620346012,0.000874389,1.373732033,-1.89448E-05
-4.609874327,0.000885201,1.367038671,-2.48008E-05
-4.59922034,0.000889295,1.360244273,-3.66534E-05
-4.589030898,0.000891363,1.353767975,-4.62535E-05
-4.578348476,0.000897308,1.347034455,-2.12466E-05
-4.57137002,0.000887785,1.342613286,-0.000038896
-4.560799052,0.00087831,1.335975897,-2.32335E-05
-4.550357306,0.000874896,1.329437342,-1.05845E-05
-4.539790743,0.00086681,1.322828045,-1.10567E-05
-4.529333778,0.000886072,1.316311515,-7.7372E-06
-4.518656032,0.000881194,1.309693361,1.07186E-05
-4.508196867,0.000893694,1.303188468,-1.38302E-05
-4.501077907,0.000902134,1.2987829,-2.01143E-05
-4.490626428,0.000885773,1.292330583,-3.06116E-05
-4.480129749,0.000883357,1.285885602,-2.60446E-05
-4.469679004,0.000869156,1.279469643,-4.06565E-05
-4.459128857,0.000871762,1.273052664,-0.000015562
-4.448771291,0.000858405,1.26674496,-1.84271E-05
-4.438244286,0.000879244,1.260347965,-2.73303E-05
-4.431203438,0.000879331,1.256089751,-2.41112E-05
-4.42045878,0.000870968,1.24961211,-1.58005E-05
-4.410210461,0.000873287,1.243462923,2.0441E-06
-4.39959746,0.000857384,1.237095631,0.000001425
-4.389014012,0.000853069,1.230765275,-4.5E-09
-4.378589417,0.000842218,1.224543453,-0.000007381
-4.368196074,0.000848519,1.218354743,-0.000019476
-4.361117287,0.000867069,1.214167304,-1.10434E-05
-4.350605228,0.000871517,1.207958841,-4.9253E-06
-4.340005013,0.000884662,1.201671533,-4.52508E-05
-4.329466259,0.000871531,1.195462726,-6.28635E-05
-4.318836061,0.000866591,1.189249503,-5.08891E-05
-4.308488338,0.000862877,1.183218764,-4.08197E-05
-4.297986628,0.000860366,1.177102948,-4.50168E-05
-4.290978766,0.000844602,1.17303833,-4.19785E-05
-4.280412616,0.000847267,1.166928766,-0.00003462
-4.270015633,0.000857148,1.160961341,-1.9236E-06
-4.259290399,0.000865574,1.154770527,-2.27398E-05
-4.248927526,0.00087611,1.148852016,1.4655E-06
-4.238297014,0.000865406,1.14276007,-1.34528E-05
-4.231379353,0.000867137,1.138818043,-1.13443E-05
-4.220888647,0.000858938,1.132842816,-2.08666E-05
-4.210410533,0.000846989,1.126917345,-6.5468E-06
-4.199778278,0.00085158,1.120912012,-3.8235E-06
-4.18938689,0.000862691,1.115061189,-1.2559E-06
-4.178869253,0.000878633,1.109173267,1.66914E-05
-4.168276014,0.000878816,1.10322875,0.00000159
-4.161242609,0.000879427,1.099284131,-1.66387E-05
-4.150811658,0.000880644,1.093484996,-8.0455E-06
-4.140176809,0.000862166,1.087570994,-1.96135E-05
-4.129764245,0.000864386,1.081808255,-2.16629E-05
-4.119074846,0.000859467,1.075908775,-0.000026161
-4.108723551,0.000865393,1.07019959,-0.000044998
-4.097959009,0.00086735,1.064304005,-4.19889E-05
-4.091042883,0.000874093,1.060535941,-3.04178E-05
-4.080676093,0.000879939,1.054877401,-3.84089E-05
-4.070212567,0.000870063,1.049191847,-3.87265E-05
-4.059620047,0.000874134,1.043483523,-0.00001015
-4.049184798,0.000867,1.037820307,-3.97273E-05
-4.038547076,0.000872423,1.032120596,-1.49289E-05
-4.028130558,0.000863196,1.026558472,1.04229E-05
-4.021112865,0.000874961,1.022797167,3.4218E-06
-4.01070218,0.000883467,1.017235013,-4.0898E-06
-3.999962506,0.000889587,1.011514904,-1.25604E-05
-3.989463545,0.000892453,1.005952355,-9.6475E-06
-3.978855408,0.000882958,1.000344752,-1.21101E-05
-3.96833709,0.000889339,0.994801481,-1.57238E-05
-3.957926436,0.000890421,0.989347225,-4.6608E-06
-3.95096819,0.000878266,0.985698152,-1.06014E-05
-3.940529912,0.000896964,0.980260737,0.00000251
-3.930067256,0.000904536,0.974821391,8.8139E-06
-3.919432534,0.000909138,0.969299205,3.8097E-06
-3.908988418,0.000905581,0.963898069,3.3164E-06
-3.898466652,0.000908941,0.958470001,-1.6113E-06
-3.887954657,0.000897194,0.953079018,7.8491E-06
-3.880917327,0.000900645,0.949457796,-7.8565E-06
-3.870415645,0.000892952,0.944094901,-4.9647E-06
-3.859846934,0.000905001,0.938733235,0.000015704
-3.849432096,0.000915503,0.933406324,-0.000024569
-3.838739954,0.000919325,0.928005785,-1.55734E-05
-3.828414853,0.000911779,0.922791913,-0.000022758
-3.817790546,0.000912159,0.917456013,-0.000018643
-3.810683013,0.000929244,0.913902273,-9.9044E-06
-3.800244252,0.000906939,0.908691556,-2.8377E-06
-3.789829789,0.000907929,0.903499504,-6.2997E-06
-3.779303217,0.000901582,0.898254712,-2.39151E-05
-3.768856801,0.00091895,0.893103566,-4.8255E-06
-3.758083289,0.000925743,0.887785081,-9.0284E-06
-3.751301147,0.000926705,0.884455435,-2.5062E-06
-3.74075139,0.000947862,0.879260556,-2.21377E-05
-3.73027217,0.000929878,0.87415677,-2.3956E-06
-3.719702745,0.000923139,0.868998549,-1.02384E-05
-3.709321494,0.000905732,0.863946544,-2.03973E-05
-3.698583013,0.00089919,0.858733917,-0.00003521
-3.68818503,0.000905539,0.853735836,-1.72461E-05
-3.681171245,0.000922382,0.850364683,-0.000014319
-3.67064114,0.0009314,0.845301696,-2.58562E-05
-3.660106242,0.000942271,0.840279384,-1.14612E-05
-3.649569952,0.000940471,0.835250586,-1.99053E-05
-3.639024776,0.000931251,0.830238745,-2.41694E-05
-3.628688519,0.000927627,0.825344518,-2.65209E-05
-3.618128156,0.000932313,0.820378183,-1.17506E-05
-3.611203371,0.000912757,0.817116637,-1.62373E-05
-3.600627205,0.000916129,0.812159768,-1.27082E-05
-3.589988648,0.000928156,0.807179446,-2.05085E-05
-3.579442613,0.000954861,0.80225712,-3.04984E-05
-3.568949308,0.000966651,0.797388302,-2.82513E-05
-3.558315497,0.000964882,0.792471258,-2.59801E-05
-3.54793144,0.000959359,0.787692383,-1.75454E-05
-3.540903499,0.000944435,0.784478497,-5.918E-07
-3.530457475,0.000944476,0.779679455,-0.000011191
-3.519971271,0.00094583,0.774886744,-0.000013531
-3.509567119,0.000947257,0.77016033,-0.00000336
-3.499066271,0.00094834,0.765385198,-1.43254E-05
-3.488612126,0.000957803,0.760663495,-9.4318E-06
-3.477978612,0.000959736,0.755871583,-1.03882E-05
-3.471002588,0.000946741,0.752718016,-3.00487E-05
-3.46037077,0.000942684,0.747966357,-1.94115E-05
-3.449933926,0.00094882,0.743313923,-1.32343E-05
-3.439393431,0.000948275,0.738630807,-7.8868E-06
-3.429010824,0.000944673,0.734028176,-8.3858E-06
-3.418438147,0.000954173,0.729341354,-2.52255E-05
-3.407946786,0.000957216,0.724734077,-1.47693E-05
-3.400847594,0.000973193,0.721633343,-3.78E-08
-3.390299057,0.000972606,0.717002656,-1.52406E-05
-3.379747543,0.000959964,0.712394914,-2.25817E-05
-3.369294693,0.000963041,0.70786869,-7.5605E-06
-3.358726293,0.000962761,0.703286908,-1.42012E-05
-3.348246784,0.000960892,0.69877714,-3.4732E-06
-3.341217511,0.000972693,0.695744758,-1.26811E-05
-3.330806031,0.000982219,0.691272164,-2.07413E-05
-3.320188407,0.000981935,0.686742414,-0.000013861
-3.309762784,0.000981839,0.682308488,-9.1868E-06
-3.299066386,0.000981209,0.677767569,-1.26726E-05
-3.288775354,0.00097651,0.673426486,-0.000003979
-3.278072231,0.000968924,0.668909249,-1.35695E-05
-3.27115989,0.000968741,0.666000577,-1.99214E-05
-3.260799895,0.000964931,0.661665787,-0.000017763
-3.250149849,0.000970901,0.657223424,-1.79402E-05
-3.239558443,0.000987029,0.652830706,-9.1812E-06
-3.229039124,0.000983644,0.648481261,-3.1193E-06
-3.218474294,0.000988721,0.644128337,2.2614E-06
-3.208155396,0.000979652,0.639870048,-1.46766E-05
-3.201112123,0.000976455,0.636979599,-0.000018931
-3.190620807,0.0009648,0.63267992,-3.26763E-05
-3.180058135,0.000959403,0.628389271,-2.41805E-05
-3.169496157,0.000969228,0.624089588,-4.09737E-05
-3.158821641,0.000966266,0.619782281,-3.59594E-05
-3.148373508,0.000980219,0.615585866,-2.72641E-05
-3.137819212,0.000978798,0.611355834,-2.52602E-05
-3.13088835,0.000980693,0.608598944,-1.16608E-05
-3.120278769,0.000988236,0.604364583,-1.82668E-05
-3.10989387,0.000976879,0.600252005,-8.1108E-06
-3.099471459,0.000975066,0.596120383,-1.74966E-05
-3.088954513,0.000965025,0.591969398,-2.44611E-05
-3.078305095,0.000984618,0.587788539,-2.50589E-05
-3.067944915,0.000976194,0.583737661,-2.45953E-05
-3.060795543,0.000986784,0.580939269,-3.60724E-05
-3.050391011,0.001005442,0.57689152,-4.08871E-05
-3.039747071,0.00099339,0.572785064,-2.71617E-05
-3.029338594,0.000995897,0.568780154,-1.84578E-05
-3.01872158,0.000987011,0.564688309,-3.19627E-05
-3.008315611,0.000991758,0.56070971,-2.86508E-05
-2.997757274,0.000984182,0.556693045,-2.06189E-05
-2.990818594,0.000995033,0.554059781,-1.74554E-05
-2.980215826,0.001011099,0.550064745,3.1326E-06
-2.969832954,0.001007961,0.546134171,-1.03254E-05
-2.959262673,0.001008032,0.542170856,-1.2829E-06
-2.948588935,0.00100965,0.538163072,-1.36411E-05
-2.938155371,0.001005583,0.534273404,-0.000013124
-2.927723198,0.0009946,0.530380494,-3.15081E-05
-2.920670274,0.000984703,0.527779748,-2.13565E-05
-2.910244123,0.000980826,0.523934932,-1.92049E-05
-2.899663981,0.000994453,0.520048691,-1.70761E-05
-2.889107829,0.001001781,0.516182078,-1.95912E-05
-2.878469079,0.001003315,0.512301512,-2.14261E-05
-2.867965618,0.001009558,0.508493584,-1.52964E-05
-2.860966812,0.000999966,0.505961997,-1.39063E-05
-2.850572987,0.001000875,0.502204033,-2.26553E-05
-2.840077326,0.000992242,0.498428134,-2.77125E-05
-2.829708723,0.0009928,0.494725799,-1.97486E-05
-2.819063203,0.000991007,0.49092613,-2.54086E-05
-2.808562938,0.000997863,0.487206285,-1.82659E-05
-2.797830917,0.001001402,0.483398924,-3.20134E-05
-2.790817539,0.001005792,0.480928106,-3.22357E-05
-2.78038167,0.001005999,0.477273168,-2.34101E-05
-2.769949044,0.001004468,0.473620937,-2.79116E-05
-2.759357367,0.001002823,0.469935006,-2.57221E-05
-2.749022826,0.00099217,0.466358809,-1.80994E-05
-2.738493691,0.000992608,0.462719744,-2.08476E-05
-2.727977959,0.001000771,0.459120391,-3.5926E-06
-2.720817539,0.000991601,0.456647982,-0.000021979
-2.710348358,0.001011623,0.453080855,-1.36592E-05
-2.699848268,0.001024768,0.449509516,-1.39558E-05
-2.689342575,0.001022227,0.445954749,-1.07528E-05
-2.678889344,0.001011803,0.442422047,-1.81079E-05
-2.66842112,0.0010013,0.438918005,-6.5835E-06
-2.657812932,0.000987788,0.435343147,-3.40017E-05
-2.650845742,0.000993869,0.433038875,-1.66874E-05
-2.640270001,0.001004346,0.429515939,-2.81399E-05
-2.6297942,0.001009526,0.426055786,-2.48788E-05
-2.619224057,0.001024212,0.422563604,-3.74602E-05
-2.608710353,0.001023711,0.419129484,-2.54896E-05
-2.598115829,0.001019117,0.415667817,-2.96278E-05
-2.587756189,0.001011813,0.412301241,-2.99252E-05
-2.58061221,0.001004682,0.409977529,-4.06626E-05
-2.570219691,0.001006611,0.406628336,-3.73516E-05
-2.559716718,0.00100402,0.403264954,-0.000027318
-2.549176967,0.001015415,0.399895314,-2.65942E-05
-2.538628483,0.001028472,0.39653116,-3.24849E-05
-2.528138448,0.001025415,0.393207689,-3.10613E-05
-2.517691062,0.001024212,0.389908715,-0.000033277
-2.510709989,0.001035154,0.38771482,-3.23639E-05
-2.50004135,0.001040559,0.384371827,-3.37616E-05
-2.489586851,0.001023359,0.381106617,-3.91672E-05
-2.479009845,0.001032701,0.377838344,-2.42594E-05
-2.468520263,0.001016504,0.374600019,-2.12435E-05
-2.458079125,0.001029513,0.371393724,-1.57015E-05
-2.447574861,0.001026026,0.368168382,-2.44036E-05
-2.440465518,0.001017649,0.366004338,-1.97198E-05
-2.429951244,0.001025016,0.362812256,-1.66838E-05
-2.419355414,0.001007039,0.359623293,-5.675E-07
-2.408896072,0.001023367,0.356468381,-6.2744E-06
-2.398394696,0.001013192,0.353320303,-7.0541E-06
-2.388034483,0.001020322,0.350226245,-1.04121E-05
-2.381015612,0.001020248,0.348138046,-1.27716E-05
-2.370541776,0.001013779,0.345036059,-1.42822E-05
-2.359833362,0.001027596,0.341870699,-2.46914E-05
-2.349310613,0.001015911,0.338789569,-2.02961E-05
-2.338834725,0.001021956,0.335739116,-1.34536E-05
-2.328312669,0.001012742,0.332672593,-2.37471E-05
-2.317818889,0.001026589,0.329662352,-4.744E-07
-2.310865763,0.001029021,0.327659383,-1.4244E-06
-2.300321297,0.001032478,0.324609087,-2.77572E-05
-2.289688898,0.001041111,0.3215903,-1.21388E-05
-2.279119739,0.001036181,0.318598794,-1.9789E-06
-2.268686142,0.001047282,0.315646513,-5.4515E-06
-2.258019936,0.001046912,0.312638392,-1.37549E-05
-2.247696207,0.001039929,0.309745266,-1.75571E-05
-2.240689297,0.001033047,0.307789424,-2.02977E-05
-2.230326392,0.001025794,0.304897109,-3.58236E-05
-2.21975788,0.001025611,0.301990402,-2.31068E-05
-2.209202888,0.001023341,0.299095595,-1.67678E-05
-2.198594118,0.0010361,0.296206039,-0.000005035
-2.188172484,0.001047195,0.293365679,-9.5594E-06
-2.177581636,0.001052959,0.290503129,-0.000004713
-2.170621114,0.001027644,0.288637496,6.2213E-06
-2.160187152,0.001029735,0.28582584,-4.2235E-06
-2.149681562,0.001034067,0.283021208,-2.7061E-06
-2.139050646,0.001032296,0.280194199,-0.000004676
-2.128652761,0.001037629,0.277440341,-9.6066E-06
-2.117928466,0.001043623,0.274616146,-1.32631E-05
-2.110962028,0.001037468,0.272796024,-9.1636E-06
-2.100443527,0.001046935,0.270049882,-1.28543E-05
-2.089943374,0.001042801,0.267322209,-0.00001714
-2.079446079,0.001036657,0.264618486,-1.24679E-05
-2.069074995,0.001028039,0.26195978,-9.3271E-06
-2.05846682,0.001022436,0.259250642,-1.01378E-05
-2.048126524,0.001023397,0.256619872,-1.49498E-05
-2.037423153,0.001030156,0.253926835,-4.3503E-06
-2.03035487,0.001038988,0.252148623,-5.2324E-06
-2.019946228,0.001041377,0.24954126,-7.0447E-06
-2.009424929,0.001047707,0.246931606,0.000002878
-1.998870482,0.00104631,0.244314303,-9.038E-07
-1.98839616,0.001043676,0.241720266,-1.54209E-05
-1.977608675,0.001039305,0.23908552,-8.2588E-06
-1.970722811,0.001032833,0.237395794,-1.94172E-05
-1.960101523,0.001048858,0.234826042,-1.19524E-05
-1.949854084,0.001051702,0.232362248,-2.9568E-06
-1.939461075,0.001053853,0.229858578,-1.24595E-05
-1.928968005,0.001054652,0.227351925,-1.49711E-05
-1.91821331,0.001052131,0.224799047,-1.58997E-05
-1.907823154,0.001038941,0.222355718,-7.8343E-06
-1.900631579,0.001035058,0.220673576,-1.3222E-06
-1.890230681,0.001034694,0.218236779,-7.5788E-06
-1.879767698,0.001032514,0.215804419,-8.8332E-06
-1.869272918,0.001040533,0.213384032,-4.7681E-06
-1.85866019,0.001051565,0.210958613,0.000007221
-1.848221656,0.001060354,0.208574315,6.3134E-06
-1.837515742,0.001061999,0.206148929,1.09444E-05
-1.830472356,0.001051813,0.204556699,9.4541E-06
-1.819993253,0.001041515,0.202200175,7.9324E-06
-1.809591376,0.001042497,0.1998797,1.12849E-05
-1.799034425,0.001043403,0.197526031,2.0184E-06
-1.78868358,0.001044113,0.195239868,7.337E-07
-1.778068365,0.001052241,0.192927758,1.77244E-05
-1.767638086,0.001062955,0.190665191,2.97459E-05
-1.760599447,0.001065594,0.18910658,-1.7111E-06
-1.750048475,0.00105815,0.186838247,7.4047E-06
-1.739312642,0.001065892,0.184537877,9.8977E-06
-1.728986242,0.001054117,0.182341111,1.43946E-05
-1.71839814,0.001056949,0.180095727,1.20383E-05
-1.708055163,0.001041465,0.177909818,3.5312E-06
-1.697422745,0.001050207,0.175686105,4.0439E-06
-1.690456378,0.001046194,0.174244895,1.24004E-05
-1.679843004,0.001049448,0.172047531,1.16824E-05
-1.669308284,0.001065409,0.169899503,2.99495E-05
-1.658764331,0.001065958,0.167730851,1.54641E-05
-1.648359068,0.001061171,0.165618262,1.49553E-05
-1.637808041,0.001047924,0.163492604,1.70231E-05
-1.627510406,0.001047036,0.161448322,3.58354E-05
-1.620341093,0.001045032,0.160009344,2.53144E-05
-1.609845811,0.00105338,0.157910237,5.6754E-06
-1.599204375,0.001063427,0.155833171,2.28782E-05
-1.588640631,0.001068798,0.15376867,2.32649E-05
-1.578156585,0.00107243,0.151718935,8.9653E-06
-1.56771287,0.001062306,0.149712004,1.59049E-05
-1.560623947,0.001038585,0.148344348,0.000007406
-1.550351683,0.001032321,0.146396228,1.75838E-05
-1.539684973,0.001025753,0.144372865,1.36963E-05
-1.5292411,0.001035446,0.142396073,3.589E-07
-1.518720497,0.001048383,0.140443764,1.20986E-05
-1.508264952,0.001060161,0.13851043,1.69227E-05
-1.49760944,0.001059731,0.136543859,1.14878E-05
-1.490643981,0.00104972,0.135266806,8.7354E-06
-1.480176379,0.001045155,0.133347267,-7.2232E-06
-1.469608211,0.001036531,0.131450895,4.3642E-06
-1.458948289,0.001034322,0.129536247,8.83E-08
-1.448582442,0.001034426,0.127694326,2.2142E-06
-1.438081763,0.001040752,0.125830918,-6.8519E-06
-1.427685548,0.001050707,0.12400839,-0.000007054
-1.420551911,0.001060088,0.1227727,-1.148E-07
-1.410105315,0.001060809,0.120963767,-7.825E-07
-1.399503681,0.001062226,0.119148216,4.8478E-06
-1.388895285,0.0010507,0.117340468,5.4162E-06
-1.378381192,0.00105308,0.115564987,8.3323E-06
-1.367942084,0.001044603,0.113809446,4.8809E-06
-1.357489879,0.001042384,0.11206874,4.8635E-06
-1.350561881,0.001056627,0.110927793,1.01949E-05
-1.339932964,0.001062367,0.109174906,4.3144E-06
-1.329466075,0.001065362,0.107462094,-1.8573E-06
-1.318870457,0.001068511,0.105750468,2.714E-07
-1.308503817,0.001063391,0.104080622,-6.3592E-06
-1.29780547,0.001065071,0.102378687,-5.8625E-06
-1.287567554,0.001056277,0.100760038,-8.6558E-06
-1.280511789,0.001055567,0.099660575,-2.0801E-06
-1.269798797,0.001054155,0.09799055,-4.5828E-06
-1.259490796,0.001052778,0.096395503,-8.5879E-06
-1.248910158,0.001055419,0.094783667,-1.0051E-06
-1.238254184,0.001067681,0.0931636,-0.000004151
-1.227906349,0.001063018,0.091592505,-1.85454E-05
-1.21731856,0.001066392,0.090011346,-2.06355E-05
-1.210309071,0.001062935,0.088973971,-2.02476E-05
-1.199770769,0.001068663,0.087427199,-1.82593E-05
-1.189381319,0.001074234,0.085930348,-1.6784E-06
-1.178654986,0.001070189,0.084369078,-1.44499E-05
-1.168115945,0.001077692,0.082862175,-1.37498E-05
-1.157549397,0.001079091,0.081356123,-2.20469E-05
-1.150577416,0.001083435,0.080379868,-1.76132E-05
-1.139998772,0.001089932,0.078915651,-5.2916E-06
-1.129797266,0.001075176,0.077510222,9.27E-08
-1.119145718,0.001076147,0.076057899,7.1102E-06
-1.108701245,0.001064754,0.074633024,-3.888E-07
-1.098125339,0.00107148,0.073209027,-2.8867E-06
-1.08766398,0.001077238,0.071820812,1.4313E-06
-1.080599273,0.001077368,0.070888169,1.5551E-06
-1.070001806,0.001089346,0.069498247,-6.992E-07
-1.059497212,0.001088805,0.068144102,7.0106E-06
-1.049008418,0.001093131,0.066799928,9.0821E-06
-1.038491266,0.001074739,0.065468769,1.42127E-05
-1.027984545,0.001073927,0.064131513,-1.6753E-06
-1.017392285,0.001062836,0.062825885,1.10749E-05
-1.010486898,0.00106783,0.061964071,1.3162E-06
-0.999853222,0.001074857,0.060666788,4.6542E-06
-0.989445667,0.001074774,0.059406609,3.9804E-06
-0.978960535,0.001096442,0.058160177,1.29784E-05
-0.968588713,0.001088089,0.056936199,1.75788E-05
-0.957844001,0.001091445,0.055660973,1.1665E-06
-0.947370802,0.001073511,0.0544446,-1.8407E-06
-0.940303688,0.001051536,0.053635352,6.06E-08
-0.9298505,0.001064739,0.052443707,-3.0303E-06
-0.919333372,0.00106693,0.051266505,2.0643E-06
-0.908918544,0.001069507,0.05011164,4.6284E-06
-0.89835714,0.001072626,0.048943556,-3.3195E-06
-0.887736275,0.001071647,0.04780772,1.37257E-05
-0.880624651,0.001074047,0.047038882,9.1184E-06
-0.870289985,0.00107666,0.04592467,-5.5519E-06
-0.859693457,0.00108955,0.044816076,-0.000000328
-0.849411986,0.001075432,0.043741156,-7.6847E-06
-0.838967981,0.00108067,0.042678198,5.463E-07
-0.828446554,0.001082971,0.041617553,5.5344E-06
-0.817677175,0.001082954,0.040541207,5.9082E-06
-0.810617469,0.001079479,0.039834921,-2.2472E-06
-0.799990491,0.001077644,0.038805445,0.00000768
-0.789536358,0.001069897,0.037801481,1.27414E-05
-0.779108573,0.001078684,0.036819847,2.42812E-05
-0.768618625,0.001076847,0.035830834,2.09562E-05
-0.758186318,0.001077405,0.034858167,0.000015229
-0.747673188,0.001085804,0.033900366,1.84112E-05
-0.740545094,0.001087463,0.033255077,1.70086E-05
-0.73001423,0.001090106,0.0323074,9.2418E-06
-0.719351546,0.001079805,0.031368443,8.1706E-06
-0.708971427,0.001076186,0.030465204,0.000004635
-0.698404358,0.001071871,0.029566702,8.5384E-06
-0.688181707,0.001071457,0.02870794,9.8076E-06
-0.677631094,0.001065981,0.027839303,0.00001543
-0.670653513,0.001064971,0.027261364,8.2213E-06
-0.659932254,0.001075374,0.026388894,1.1279E-06
-0.64947119,0.001083573,0.025570756,0.000013862
-0.638876222,0.001082152,0.024737893,8.9166E-06
-0.628259812,0.001075322,0.023913413,3.138E-07
-0.617909817,0.001063119,0.023132374,1.4626E-06
-0.60737604,0.001047865,0.022351707,3.4803E-06
-0.600309906,0.001037309,0.021819545,-1.12224E-05
-0.589889749,0.001037815,0.021079798,0.000001016
-0.579300607,0.001030362,0.020330189,2.0514E-06
-0.568694312,0.001042149,0.019591901,1.9423E-06
-0.558134337,0.001048217,0.018867447,-1.1518E-06
-0.54765978,0.001042809,0.0181751,8.6275E-06
-0.540579538,0.001038856,0.017713863,1.44329E-05
-0.53029158,0.0010212,0.017044171,1.25141E-05
-0.519842712,0.001020465,0.016372847,6.2338E-06
-0.509372709,0.001025138,0.015730222,1.66854E-05
-0.498760378,0.001029191,0.015100335,3.51563E-05
-0.488256261,0.00103031,0.014454817,1.79086E-05
-0.477733985,0.00103417,0.013831934,1.09419E-05
-0.467326217,0.001038221,0.013240158,1.51466E-05
-0.46011562,0.001022288,0.012839567,1.97448E-05
-0.449767076,0.00102939,0.012272289,2.29492E-05
-0.439122945,0.00101706,0.011697688,2.15624E-05
-0.428602169,0.00102308,0.011146779,2.37038E-05
-0.418020353,0.001016312,0.010591542,1.11735E-05
-0.407587003,0.001040255,0.010085412,2.68266E-05
-0.400576293,0.001053603,0.009744179,2.87854E-05
-0.38999567,0.001043394,0.009236613,2.78784E-05
-0.379624712,0.001055784,0.008759349,3.40489E-05
-0.369099295,0.001038426,0.00827717,0.000029166
-0.358428149,0.001033661,0.007817076,3.92563E-05
-0.348008432,0.001018929,0.007367549,3.55097E-05
-0.337370085,0.001027221,0.006936472,4.59789E-05
-0.330451011,0.001038518,0.006647944,3.72623E-05
-0.319967506,0.001027608,0.006242801,4.50207E-05
-0.309518772,0.001036556,0.005833184,3.36751E-05
-0.298879687,0.00103028,0.005446227,3.86486E-05
-0.288457182,0.001033932,0.005086251,4.93187E-05
-0.277904287,0.001018731,0.004717615,4.25546E-05
-0.267414248,0.001026129,0.004384136,5.54137E-05
-0.260435131,0.001033134,0.00417055,6.48609E-05
-0.249978239,0.001027049,0.003839241,5.66833E-05
-0.23940838,0.001027569,0.003532339,6.29371E-05
-0.229043936,0.00103732,0.003260488,8.50121E-05
-0.218312316,0.001050859,0.002963545,0.000078695
-0.207866817,0.00105126,0.002695402,8.00328E-05
-0.197181362,0.001049498,0.002430412,7.70394E-05
-0.19029956,0.001040621,0.002267637,7.56798E-05
-0.179808083,0.00103708,0.002048282,0.000091367
-0.169271675,0.001038251,0.001826146,9.18636E-05
-0.158699452,0.001048772,0.001615868,9.14624E-05
-0.148168721,0.00105902,0.001423789,9.49811E-05
-0.137593754,0.001066371,0.001240594,9.46929E-05
-0.127187886,0.001068197,0.001068267,8.91325E-05
-0.120149999,0.001060863,0.000958488,8.47131E-05
-0.109708276,0.001065198,0.000818532,9.00224E-05
-0.099193073,0.001052264,0.000673552,0.000077993
-0.088673424,0.00104999,0.000562912,8.69649E-05
-0.078101078,0.00105359,0.000446787,7.75531E-05
-0.067701038,0.001062867,0.000365517,8.80547E-05
-0.057041571,0.001062137,0.000280717,8.37298E-05
-0.050104012,0.001064535,0.000240253,0.000088252
-0.039602749,0.001072033,0.000182854,8.78656E-05
-0.029158818,0.001079067,0.00013678,8.52529E-05
-0.01862738,0.001081309,0.000114264,9.31937E-05
-0.009324228,0.001070493,9.53114E-05,8.99803E-05
